Workbook

Sheet لوحة الترحيب
B1: المملكة العربية السعودية • وزارة التعليم- الإدارة العامة للتعليم بمنطقة الرياض
B2: بوابة لوحة التحكم للمدارس المسندة
B3: العام الدراسي 1448 هـ | الفريق التنفيذي بمحافظة الدوادمي | قطاع السر — بنين
B5: حياكم الله يا أهل الهمة والعطاء
B6: معًا نرتقي، وبهمّتكم نصنع الإنجاز
B7: عضو الفريق التنفيذي
B8: عبدالله خالد العتيبي
B12: 📊 المؤشرات السريعة
B13: ='لوحة التحكم'!A7 -> 6 | D13: ='لوحة التحكم'!C7 -> 79 | F13: ='لوحة التحكم'!E7 -> 13.2 | H13: ='أعمال المشرف'!A7 -> 11
B14: مدارس مسندة | D14: إجمالي المعلمين | F14: متوسط المعلمين | H14: أعمال المتابعة
B16: ✦ بوابة الأقسام — اختر القسم للانتقال مباشرة ✦
B18: 🏠 الصفحة الرئيسية | D18: 📊 لوحة التحكم | F18: 📋 أعمال المشرف | H18: 🏫 بيانات المدارس
B19: نقطة الانطلاق الرئيسية | D19: الإحصائيات العامة | F19: المهام اليومية والأسبوعية | H19: تفاصيل المدارس المسندة
B21: 📈 التحليل والإحصائيات | D21: 📅 خطة الزيارات | F21: 📉 نسب الغياب | H21: 📱 دخول المنصة
B22: إحصائيات متقدمة | D22: الزيارات الأسبوعية | F22: متابعة الانضباط المدرسي | H22: تقرير دخول مدرستي
B24: 📝 التقرير الأسبوعي | D24: 📈 الملخص الشهري | F24: 📅 توزيع الأسابيع | H24: 📖 التعليمات
B25: الأسبوع الثالث · التشخيصية | D25: حسب الشهر والأسبوع | F25: أسابيع الفصل الأول 1448 | H25: دليل الاستخدام
B27: ◆ 🏫 المدارس المسندة (6 مدارس) — اضغط على اسم المدرسة للانتقال إلى بياناتها ◆
B28: 1. الارطاوي الثانوية | E28: 2. الارطاوي المتوسطة | H28: 3. الملك عبدالعزيز الابتدائية بالارطاوي
B29: 4. وثيلان وعشيران الثانوية | E29: 5. وثيلان وعشيران المتوسطة | H29: 6. وثيلان وعشيران الابتدائية
B31: عبدالله خالد العتيبي | الفريق التنفيذي بمحافظة الدوادمي — قطاع السر | وزارة التعليم | العام الدراسي 1448هـ
B32: ◆ هذه البوابة مصممة لتسهيل المتابعة والإشراف على المدارس المسندة — جميع البيانات تتحدث تلقائياً ◆

Sheet تحليل وإحصائيات
A1: وزارة التعليم | المملكة العربية السعودية
A2: تحليل وإحصائيات — المدارس المسندة لعضو الفريق التنفيذي بمحافظة الدوادمي بقطاع السر | G2: 🏠 العودة للصفحة الرئيسية
A3: عضو الفريق التنفيذي: عبدالله خالد العتيبي | العام الدراسي 1448هـ
A5: إحصائيات عدد المعلمين
A6: العدد الإجمالي للمعلمين | B6: =SUM('بيانات المدارس'!H5:H17) -> 79
A7: متوسط عدد المعلمين | B7: =IFERROR(ROUND(AVERAGE('بيانات المدارس'!H5:H17),2),0) -> 13.17
A8: الوسيط (Median) | B8: =IFERROR(ROUND(MEDIAN('بيانات المدارس'!H5:H17),2),0) -> 13.5
A9: أقل عدد معلمين | B9: =IFERROR(MIN('بيانات المدارس'!H5:H17),0) -> 8
A10: أعلى عدد معلمين | B10: =IFERROR(MAX('بيانات المدارس'!H5:H17),0) -> 18
A11: الانحراف المعياري | B11: =IFERROR(ROUND(STDEV('بيانات المدارس'!H5:H17),2),0) -> 3.71
A13: توزيع النتائج
A14: النتيجة | B14: العدد | C14: النسبة | D14: ملاحظة
A15: ممتاز | B15: =COUNTIF('بيانات المدارس'!N5:N17,A15) -> 0 | C15: =IFERROR(ROUND(B15/COUNTA('بيانات المدارس'!B5:B17)*100,1),0) -> 0 | D15: مستوى متميز
A16: جيد جداً | B16: =COUNTIF('بيانات المدارس'!N5:N17,A16) -> 0 | C16: =IFERROR(ROUND(B16/COUNTA('بيانات المدارس'!B5:B17)*100,1),0) -> 0 | D16: مستوى مرتفع
A17: جيد | B17: =COUNTIF('بيانات المدارس'!N5:N17,A17) -> 0 | C17: =IFERROR(ROUND(B17/COUNTA('بيانات المدارس'!B5:B17)*100,1),0) -> 0 | D17: مستوى مقبول
A18: مقبول | B18: =COUNTIF('بيانات المدارس'!N5:N17,A18) -> 0 | C18: =IFERROR(ROUND(B18/COUNTA('بيانات المدارس'!B5:B17)*100,1),0) -> 0 | D18: يحتاج تحسين
A19: ضعيف | B19: =COUNTIF('بيانات المدارس'!N5:N17,A19) -> 0 | C19: =IFERROR(ROUND(B19/COUNTA('بيانات المدارس'!B5:B17)*100,1),0) -> 0 | D19: يحتاج دعم عاجل
A21: متابعة الأعمدة المعبأة (عدد المدارس التي تم تعبئة البيانات فيها)
A22: العمود | B22: عدد المدارس المعبأة | C22: النسبة % | D22: ملاحظة
A23: موجه صحي مكلف | B23: =COUNTA('بيانات المدارس'!R5:R17) -> 6 | C23: =IFERROR(ROUND(B23/COUNTA('بيانات المدارس'!B5:B17)*100,1),0) -> 100 | D23: وجود موجه صحي مكلف
A24: موجه طلابي | B24: =COUNTA('بيانات المدارس'!S5:S17) -> 6 | C24: =IFERROR(ROUND(B24/COUNTA('بيانات المدارس'!B5:B17)*100,1),0) -> 100 | D24: وجود موجه طلابي
A25: دراسة نتائج الاختبارات المركزية | B25: =COUNTA('بيانات المدارس'!T5:T17) -> 6 | C25: =IFERROR(ROUND(B25/COUNTA('بيانات المدارس'!B5:B17)*100,1),0) -> 100 | D25: دراسة نتائج الاختبارات
A26: بناء خطة المدرسة للمدير | B26: =COUNTA('بيانات المدارس'!U5:U17) -> 6 | C26: =IFERROR(ROUND(B26/COUNTA('بيانات المدارس'!B5:B17)*100,1),0) -> 100 | D26: خطة المدرسة
A27: أعمال مدير المدرسة والتكليفات | B27: =COUNTA('بيانات المدارس'!V5:V17) -> 6 | C27: =IFERROR(ROUND(B27/COUNTA('بيانات المدارس'!B5:B17)*100,1),0) -> 100 | D27: أعمال مدير المدرسة
A28: دخول المعلمين | B28: =COUNTA('بيانات المدارس'!J5:J17) -> 9 | C28: =IFERROR(ROUND(B28/COUNTA('بيانات المدارس'!B5:B17)*100,1),0) -> 150 | D28: حالة دخول المعلمين للمنصة
A29: دخول الطلاب المنصة | B29: =COUNTA('بيانات المدارس'!L5:L17) -> 6 | C29: =IFERROR(ROUND(B29/COUNTA('بيانات المدارس'!B5:B17)*100,1),0) -> 100 | D29: حالة دخول الطلاب للمنصة
A31: ملاحظات:
A32: • جميع القيم والصيغ تتحدث تلقائياً عند إضافة أو تعديل بيانات في ورقة 'بيانات المدارس'.
A33: • استخدم الفلتر في ورقة البيانات لفرز وترتيب حسب أي عمود.
A34: • الألوان في عمود النتيجة (N) تظهر تلقائياً حسب القيمة (ممتاز / جيد جداً / جيد / مقبول / ضعيف).
A35: • قسم 'متابعة الأعمدة المعبأة' يعرض عدد المدارس التي تم تعبئة كل عمود فيها ونسبتها.
A36: • عمود عدد المعلمين = H ، وعمود النتيجة = N . تأكد من إدخال القيم الصحيحة ليظهر التحليل بدقة.
A38: عضو الفريق التنفيذي: عبدالله خالد العتيبي | الفريق التنفيذي بقطاع السر | وزارة التعليم

Sheet الصفحة الرئيسية
A1: المملكة العربية السعودية - وزارة التعليم
A2: الفريق التنفيذي بمحافظة الدوادمي - قطاع السر - بنين
A5: لوحة التحكم للمدارس المسندة
A6: العام الدراسي 1448هـ
B8: مرحباً بك
B9: عضو الفريق التنفيذي
B10: عبدالله خالد العتيبي
B11: قطاع السر بنين
B13: ملخص سريع
B14: ='لوحة التحكم'!A7 -> 6 | D14: ='لوحة التحكم'!C7 -> 79 | F14: ='لوحة التحكم'!E7 -> 13.2 | H14: ='أعمال المشرف'!A7 -> 11
B15: مدارس مسندة | D15: إجمالي المعلمين | F15: متوسط المعلمين | H15: أعمال المتابعة
B17: أقسام اللوحة — اختر القسم للانتقال (يشمل التقارير والملخص الشهري)
B18: 📊 لوحة التحكم | D18: 📋 أعمال المشرف | F18: 🏫 بيانات المدارس | H18: 📈 التحليل
B19: الإحصائيات العامة | D19: المهام اليومية والأسبوعية | F19: تفاصيل المدارس المسندة | H19: إحصائيات متقدمة
B20: 📖 التعليمات | D20: 📅 خطة الزيارات | F20: 📉 نسب الغياب | H20: 📱 دخول المنصة
B21: دليل الاستخدام | D21: الزيارات الأسبوعية للمدارس | F21: متابعة الانضباط المدرسي + رسوم | H21: تقرير أسبوعي للمعلمين والطلاب
B22: 📝 التقرير الأسبوعي | D22: 📈 الملخص الشهري للزيارات | F22: التقارير والمتابعة | H22: 📅 توزيع الأسابيع
B23: الأسبوع الثالث · الاختبارات التشخيصية | D23: حسب الشهر والأسبوع والمدرسة | F23: التقرير الأسبوعي + ملخص الزيارات الشهري | H23: أسابيع الفصل الدراسي الأول 1448
B25: 🏫 المدارس المسندة (6 مدارس)
B26: 1. الارطاوي الثانوية | F26: 2. الارطاوي المتوسطة
B27: 3. الملك عبدالعزيز الابتدائية بالارطاوي | F27: 4. وثيلان وعشيران الثانوية
B28: 5. وثيلان وعشيران المتوسطة | F28: 6. وثيلان وعشيران الابتدائية
B29: اضغط على اسم المدرسة للانتقال إلى بيانات المدارس
B30: 📅 توزيع أسابيع الفصل الدراسي الأول 1448هـ — اضغط هنا للاطلاع على التفاصيل الكاملة (19 أسبوعاً)
A31: عضو الفريق التنفيذي: عبدالله خالد العتيبي | الفريق التنفيذي بقطاع الدوادمي بقطاع السر | وزارة التعليم | العام الدراسي 1448هـ

Sheet توزيع الأسابيع
A1: الإدارة العامة للتعليم بمنطقة الرياض | الشؤون التعليمية - إدارة أداء التعليم
A2: الفريق التنفيذي للممارسات الإشرافية بمحافظة الدوادمي — قطاع السر
A3: توزيع الأسابيع الدراسية للفصل الدراسي الأول للعام الدراسي 1448 هـ
J4: 🏠 العودة للصفحة الرئيسية
B5: الأسبوع | C5: التاريخ | D5: ملاحظات | F5: الأسبوع | G5: التاريخ | H5: ملاحظات
B6: 1. الأول | C6: 3/10 – 3/14 | D6: — | F6: 11. الحادي عشر | G6: 5/21 – 5/25 | H6: —
B7: 2. الثاني | C7: 3/17 – 3/21 | D7: — | F7: 12. الثاني عشر | G7: 5/28 – 6/2 | H7: —
B8: 3. الثالث | C8: 3/24 – 3/28 | D8: — | F8: 13. الثالث عشر | G8: 6/5 – 6/9 | H8: بداية إجازة الخريف بنهاية دوام الخميس1448/6/9
B9: 4. الرابع | C9: 4/2 – 4/6 | D9: — | F9: 14. الرابع عشر | G9: 6/19 – 6/23 | H9: إجازة إضافية الأحد
B10: 5. الخامس | C10: 4/9 – 4/13 | D10: إجازة اليوم الوطني الأربعاء والخميس | F10: 15. الخامس عشر | G10: 6/26 – 7/1 | H10: —
B11: 6. السادس | C11: 4/16 – 4/20 | F11: 16. السادس عشر | G11: 7/4 – 7/8 | H11: —
B12: 7. السابع | C12: 4/23 – 4/27 | D12: — | F12: 17. السابع عشر | G12: 7/11 – 7/15 | H12: —
B13: 8. الثامن | C13: 4/30 – 5/4 | D13: — | F13: 18. الثامن عشر | G13: 7/18 – 7/22 | H13: —
B14: 9. التاسع | C14: 5/7 – 5/11 | D14: — | F14: 19. التاسع عشر | G14: 7/25 – 7/29 | H14: اختبارات نهاية الفترة + إجازة إضافية
B15: 10. العاشر | C15: 5/14 – 5/18 | D15: إجازة إضافية الأحد
B17: بداية إجازة الخريف بنهاية دوام يوم الخميس 1448/6/9 هـ
B18: اختبارات نهاية الفترة الدراسية الأولى (الفصل الدراسي الأول) في الأسبوع التاسع عشر | إجازة إضافية في نهاية الأسبوع
B20: ملاحظة: | C20: الخلايا البرتقالية تشير إلى وجود إجازات خلال الأسبوع. التواريخ بالتقويم الهجري 1448 هـ.
B22: عضو الفريق التنفيذي: عبدالله خالد العتيبي | الفريق التنفيذي بقطاع السر | وزارة التعليم | العام الدراسي 1448هـ

Sheet لوحة التحكم
A1: وزارة التعليم | المملكة العربية السعودية
A2: الفريق التنفيذي بمحافظة الدوادمي - بقطاع السر | J2: 🏠 العودة للصفحة الرئيسية
A3: لوحة التحكم للمدارس المسندة لعضو الفريق التنفيذي | العام الدراسي 1448هـ
A4: عضو الفريق التنفيذي: عبدالله خالد العتيبي
A6: إجمالي المدارس | C6: إجمالي المعلمين | E6: متوسط المعلمين | G6: أعلى عدد معلمين
A7: =COUNTA('بيانات المدارس'!B5:B17) -> 6 | C7: =SUM('بيانات المدارس'!H5:H17) -> 79 | E7: =IFERROR(ROUND(AVERAGE('بيانات المدارس'!H5:H17),1),0) -> 13.2 | G7: =IFERROR(MAX('بيانات المدارس'!H5:H17),0) -> 18
A9: توزيع نتائج المدارس | E9: أعلى المدارس بعدد المعلمين
A10: النتيجة | B10: العدد | C10: النسبة % | E10: المدرسة | F10: عدد المعلمين | G10: النتيجة | H10: الترتيب
A11: ممتاز | B11: =COUNTIF('بيانات المدارس'!N5:N17,A11) -> 0 | C11: =IFERROR(ROUND(B11/$A$7*100,1),0) -> 0 | E11: {=IFERROR(INDEX('بيانات المدارس'!B5:B17,MATCH(LARGE('بيانات المدارس'!H5:H17,1),'بيانات المدارس'!H5:H17,0)),"")} -> وثيلان وعشيران الابتدائية | F11: =IFERROR(LARGE('بيانات المدارس'!H5:H17,1),"") -> 18 | G11: {=IFERROR(INDEX('بيانات المدارس'!N5:N17,MATCH(LARGE('بيانات المدارس'!H5:H17,1),'بيانات المدارس'!H5:H17,0)),"")} -> لم تصدر | H11: 1
A12: جيد جداً | B12: =COUNTIF('بيانات المدارس'!N5:N17,A12) -> 0 | C12: =IFERROR(ROUND(B12/$A$7*100,1),0) -> 0 | E12: {=IFERROR(INDEX('بيانات المدارس'!B5:B17,MATCH(LARGE('بيانات المدارس'!H5:H17,2),'بيانات المدارس'!H5:H17,0)),"")} -> وثيلان وعشيران الثانوية | F12: =IFERROR(LARGE('بيانات المدارس'!H5:H17,2),"") -> 16 | G12: {=IFERROR(INDEX('بيانات المدارس'!N5:N17,MATCH(LARGE('بيانات المدارس'!H5:H17,2),'بيانات المدارس'!H5:H17,0)),"")} -> لم تصدر | H12: 2
A13: جيد | B13: =COUNTIF('بيانات المدارس'!N5:N17,A13) -> 0 | C13: =IFERROR(ROUND(B13/$A$7*100,1),0) -> 0 | E13: {=IFERROR(INDEX('بيانات المدارس'!B5:B17,MATCH(LARGE('بيانات المدارس'!H5:H17,3),'بيانات المدارس'!H5:H17,0)),"")} -> وثيلان وعشيران المتوسطة | F13: =IFERROR(LARGE('بيانات المدارس'!H5:H17,3),"") -> 14 | G13: {=IFERROR(INDEX('بيانات المدارس'!N5:N17,MATCH(LARGE('بيانات المدارس'!H5:H17,3),'بيانات المدارس'!H5:H17,0)),"")} -> لم تصدر | H13: 3
A14: مقبول | B14: =COUNTIF('بيانات المدارس'!N5:N17,A14) -> 0 | C14: =IFERROR(ROUND(B14/$A$7*100,1),0) -> 0
A15: ضعيف | B15: =COUNTIF('بيانات المدارس'!N5:N17,A15) -> 0 | C15: =IFERROR(ROUND(B15/$A$7*100,1),0) -> 0
A18: عضو الفريق التنفيذي: عبدالله خالد العتيبي | الفريق التنفيذي بمحافظة الدوادمي بقطاع السر | وزارة التعليم

Sheet أعمال المشرف
A1: وزارة التعليم | المملكة العربية السعودية
A2: الفريق التنفيذي بمحافظة الدوادمي - بقطاع السر | L2: 🏠 العودة للصفحة الرئيسية
A3: لوحة أعمال المشرف | العام الدراسي 1448هـ
A4: عضو الفريق التنفيذي: عبدالله خالد العتيبي
A6: إجمالي الأعمال | C6: الأعمال المنجزة | E6: قيد التنفيذ | G6: لم تُنجز | I6: نسبة الإنجاز %
A7: =COUNTA(C12:C16)+COUNTA(C20:C24)+COUNTA(C28) -> 11 | C7: =COUNTIF(C12:C16,"منجز")+COUNTIF(C20:C24,"منجز")+COUNTIF(C28,"منجز") -> 8 | E7: =COUNTIF(C12:C16,"قيد التنفيذ")+COUNTIF(C20:C24,"قيد التنفيذ")+COUNTIF(C28,"قيد التنفيذ") -> 1 | G7: =COUNTIF(C12:C16,"لم تُنجز")+COUNTIF(C20:C24,"لم تُنجز")+COUNTIF(C28,"لم تُنجز") -> 2 | I7: =IFERROR(ROUND(C7/A7*100,1),0) -> 72.7
C8: لم ينجز
A9: 📋 الأعمال اليومية | G9: إحصائيات الأعمال اليومية
A11: م | B11: المهمة | C11: الحالة | D11: تاريخ آخر إنجاز | E11: ملاحظات | G11: المنجز | H11: قيد التنفيذ | I11: لم تُنجز | J11: النسبة %
A12: 1 | B12: تثبيت الغياب | C12: منجز | E12: يومياً الرصد قبل الساعة 8 ص | G12: =COUNTIF(C12:C16,"منجز") -> 4 | H12: =COUNTIF(C12:C16,"قيد التنفيذ") -> 1 | I12: =COUNTIF(C12:C16,"لم تُنجز") -> 0 | J12: =IFERROR(ROUND(G12/5*100,1),0) -> 80
A13: 2 | B13: متابعة دخول المعلمين منصة مدرستي | C13: منجز | G13: من 5 أعمال يومية
A14: 3 | B14: متابعة دخول الطلاب منصة مدرستي | C14: قيد التنفيذ | E14: نسب الدخول متدنية تحتاج متابعة لجميع المدارس
A15: 4 | B15: متابعة حضوري | C15: منجز | E15: https://hather-ui.moe.gov.sa/landing?returnUrl=%2Fdashboard
A16: 5 | B16: متابعة فارس | C16: منجز | E16: https://sshr.moe.gov.sa/OA_HTML/AppsLocalLogin.jsp
A17: 6 | B17: متابعة اللوحة الرقمية للمدرسة | C17: لم تنجز | E17: لم تفعل بعد من قبل الإدارة
A18: 📅 الأعمال الأسبوعية | G18: إحصائيات الأعمال الأسبوعية
A19: م | B19: المهمة | C19: الحالة | D19: تاريخ آخر إنجاز | E19: ملاحظات | G19: المنجز | H19: قيد التنفيذ | I19: لم تُنجز | J19: النسبة %
A20: 1 | B20: إدخال خطة الزيارات للمدارس المسندة (رابط الفريق) | C20: منجز | D20: السبت من كل اسبوع | E20: https://docs.google.com/forms/d/1INvJ0EjqH3vEnfn5l9bB2kCzMGEXRaizlKIkpBBefiU/viewform?edit_requested=true | G20: =COUNTIF(C20:C24,"منجز") -> 3 | H20: =COUNTIF(C20:C24,"قيد التنفيذ") -> 0 | I20: =COUNTIF(C20:C24,"لم تُنجز") -> 2 | J20: =IFERROR(ROUND(G20/5*100,1),0) -> 60
A21: 2 | B21: تقارير الزيارة | C21: منجز | D21: نهاية كل اسبوع | G21: من 5 أعمال أسبوعية
A22: 3 | B22: تقرير متابعة نسب غياب الطلاب والانضباط المدرسي | C22: منجز
A23: 4 | B23: تقرير التوجيه الطلابي (اللوحة الرقمية) | C23: لم تُنجز
A24: 5 | B24: ما نُفذ من خطة التحسين (استمارة رقم 2) | C24: لم تُنجز
A26: 🗓️ الأعمال الشهرية | G26: إحصائيات الأعمال الشهرية
A27: م | B27: المهمة | C27: الحالة | D27: تاريخ آخر إنجاز | E27: ملاحظات | G27: المنجز | H27: قيد التنفيذ | I27: لم تُنجز | J27: النسبة %
A28: 1 | B28: تقرير حضوري | C28: منجز | E28: نهاية كل شهر | G28: =COUNTIF(C28,"منجز") -> 1 | H28: =COUNTIF(C28,"قيد التنفيذ") -> 0 | I28: =COUNTIF(C28,"لم تُنجز") -> 0 | J28: =IFERROR(ROUND(G28/1*100,1),0) -> 100
G29: من 1 عمل شهري
A31: 📊 ملخص الإنجاز حسب الفئة
A32: الفئة | B32: عدد الأعمال | C32: منجز | D32: قيد التنفيذ | E32: لم تُنجز | F32: نسبة الإنجاز %
A33: أعمال يومية | B33: 5 | C33: =G12 -> 4 | D33: =H12 -> 1 | E33: =I12 -> 0 | F33: =J12 -> 80
A34: أعمال أسبوعية | B34: 5 | C34: =G20 -> 3 | D34: =H20 -> 0 | E34: =I20 -> 2 | F34: =J20 -> 60
A35: أعمال شهرية | B35: 1 | C35: =G28 -> 1 | D35: =H28 -> 0 | E35: =I28 -> 0 | F35: =J28 -> 100
A36: الإجمالي | B36: =B33+B34+B35 -> 11 | C36: =C33+C34+C35 -> 8 | D36: =D33+D34+D35 -> 1 | E36: =E33+E34+E35 -> 2 | F36: =IFERROR(ROUND(C36/B36*100,1),0) -> 72.7
A38: تعليمات الاستخدام
A39: • غيّر حالة كل مهمة من القائمة المنسدلة في عمود «الحالة»: (منجز / قيد التنفيذ / لم تُنجز) • أدخل تاريخ آخر إنجاز في عمود «تاريخ آخر إنجاز» (مثال: 1448/01/15) • أضف ملاحظاتك في عمود «ملاحظات» • جميع الإحصائيات ونسب الإنجاز تتحدث تلقائياً عند تغيير الحالات • الألوان تتغير تلقائياً: أخضر = منجز | أصفر = قيد التنفيذ | أحمر = لم تُنجز
A43: عضو الفريق التنفيذي : عبدالله خالد العتيبي | الفريق التنفيذي بمحافظة الدوادمي - بقطاع السر | وزارة التعليم

Sheet بيانات المدارس
A1: وزارة التعليم | المملكة العربية السعودية
A2: الفريق التنفيذي بمحافظة الدوادمي - بقطاع السر — لوحة التحكم للمدارس المسندة | العام الدراسي 1448هـ | W2: 🏠 العودة للصفحة الرئيسية
A3: عضو الفريق التنفيذي: عبدالله خالد العتيبي
A4: م | B4: اسم المدرسة | C4: الرقم الوزاري | D4: اسم مدير المدرسة | E4: رقم جوال المدير | F4: اسم وكيل المدرسة | G4: رقم جوال الوكيل | H4: عدد المعلمين | I4: توفر التخصصات | J4: دخول المعلمين | K4: عدد الطلاب | L4: دخول الطلاب المنصة | M4: القدرات والتحصيلي | N4: نتيجة تقرير المدرسة العامة 2026 | O4: نواتج التعلم | P4: تحليل بطافة نافس | Q4: التقرير الخارجي | R4: موجه صحي مكلف | S4: موجه طلابي | T4: دراسة نتائج الاختبارات المركزية | U4: بناء خطة المدرسة للمدير | V4: أعمال مدير المدرسة والتكليفات
A5: 1 | B5: الارطاوي الثانوية | C5: 3917285 | D5: فارس خلف الصبيحي | E5: 549037937 | F5: مفلح جازي المطيري | G5: 533871222 | H5: 8 | I5: نعم | J5: تم | K5: 50 | L5: يحتاج متابعة | M5: تم التحليل | N5: لم تصدر | P5: -------- | Q5: لم يصدر | R5: يوجد | S5: يوجد | T5: غير مشمول | U5: نعم | V5: نعم
A6: 2 | B6: الارطاوي المتوسطة | C6: 17229 | D6: فارس خلف الصبيحي | E6: 549037937 | F6: مفلح جازي المطيري | G6: 53871222 | H6: 10 | I6: عجز بدنية وفنية | J6: تم | K6: 55 | L6: يحتاج متابعة | M6: ----- | N6: لم تصدر | P6: نعم | Q6: لم يصدر | R6: يوجد | S6: يوجد | T6: تم | U6: نعم | V6: نعم
A7: 3 | B7: الملك عبدالعزيز الابتدائية بالارطاوي | C7: 17108 | D7: يوسف بدر المطيري | E7: 509669902 | F7: فلاح محمد المطيري | G7: 595553571 | H7: 13 | I7: نعم | J7: باقي 1 | K7: 96 | L7: يحتاج متابعة | M7: ----- | N7: لم تصدر | P7: لم تصدر البطاقة | Q7: لم يصدر | R7: يوجد | S7: يوجد | T7: تم | U7: نعم | V7: نعم
A8: 4 | B8: وثيلان وعشيران الثانوية | C8: 3917315 | D8: بدر راشد المطيري | E8: 503809808 | F8: عمر مقحم المطيري | G8: 537922224 | H8: 16 | I8: نعم | J8: نعم | K8: 97 | L8: يحتاج متابعة | M8: تم التحليل | N8: لم تصدر | P8: -------- | Q8: لم يصدر | R8: يوجد | S8: يوجد | T8: غير مشمول | U8: نعم | V8: نعم
A9: 5 | B9: وثيلان وعشيران المتوسطة | C9: 17276 | D9: فيحان سعد المطيري | E9: 505174491 | F9: عبدالكريم عبدالله الصبيحي | G9: 557731773 | H9: 14 | I9: عجز بدنية وفنية | J9: نعم | K9: 50 | L9: يحتاج متابعة | M9: ------ | N9: لم تصدر | P9: نعم | Q9: لم يصدر | R9: يوجد | S9: يوجد | T9: تم | U9: نعم | V9: نعم
A10: 6 | B10: وثيلان وعشيران الابتدائية | C10: 17217 | D10: فيصل محمد المطيري | E10: 591511545 | F10: خالد محمد العبدالله | G10: 506141890 | H10: 18 | I10: نعم | J10: نعم | K10: 122 | L10: يحتاج متابعة | M10: ------ | N10: لم تصدر | P10: نعم | Q10: لم يصدر | R10: يوجد | S10: يوجد | T10: تم | U10: نعم | V10: نعم
A11: 7
A12: 8 | H12: مدارس التحسين
A13: 9 | I13: الملك عبدالعزيز | J13: الارطاوي المتوسطة
A14: 10 | H14: رفع خطة التدخل | I14: نعم | J14: نعم
A15: 11 | H15: تنفيذ الاختبارا لتشخيصي | I15: نعم | J15: نعم
A16: 12
A17: 13
A20: عضو الفريق التنفيذي: عبدالله خالد العتيبي | الفريق التنفيذي بقطاع السر | وزارة التعليم
A21: عبدالله خالد العتيبي

Sheet تعليمات
A1: وزارة التعليم | المملكة العربية السعودية
A2: تعليمات استخدام الملف — لوحة التحكم للمدارس المسندة | العام الدراسي 1448هـ | G2: 🏠 العودة للصفحة الرئيسية
A3: عضو الفريق التنفيذي: عبدالله خالد العتيبي | الفريق التنفيذي بقطاع السر
A5: 📋 طريقة الاستخدام
A6: 1. انتقل إلى ورقة «بيانات المدارس» وأدخل بيانات كل مدرسة في الصفوف بدءاً من الصف 5.
A7: 2. الأعمدة الأساسية: اسم المدرسة (B) ، الرقم الوزاري (C) ، اسم المدير (D) ، جوال المدير (E) ، اسم الوكيل (F) ، جوال الوكيل (G).
A8: 3. عمود «عدد المعلمين» (H): أدخل الرقم الصحيح — هذا العمود يغذي لوحة التحكم والإحصائيات تلقائياً.
A9: 4. عمود «توفر التخصصات» (I): نعم / أو وصف العجز (مثل: عجز بدنية وفنية).
A10: 5. عمود «دخول المعلمين» (J) و«دخول الطلاب المنصة» (L): سجّل الحالة (تم / باقي 1 / يحتاج متابعة ...).
A11: 6. عمود «نتيجة تقرير المدرسة العامة 2026» (N): أدخل إحدى القيم: ممتاز | جيد جداً | جيد | مقبول | ضعيف — لتتلون الخلية تلقائياً.
A12: 7. الأعمدة R إلى V جاهزة للتعبئة (موجه صحي، موجه طلابي، دراسة النتائج، خطة المدرسة، أعمال المدير) وتظهر في ورقة التحليل.
A13: 8. يمكنك إضافة مدارس جديدة في الصفوف الفارغة حتى الصف 17، مع الحفاظ على تسلسل الأرقام في العمود A.
A14: 9. لا تحذف أو تغيّر أسماء الأوراق أو عناوين الأعمدة الأساسية حتى لا تتأثر الصيغ.
A16: 🔽 القوائم المنسدلة والتنسيق الشرطي
... A31: عضو الفريق التنفيذي: عبدالله خالد العتيبي | الفريق التنفيذي بقطاع السر | وزارة التعليم

Sheet متابعة دخول المنصة
A1: متابعة نسب دخول المعلمين والطلاب لمنصة مدرستي 1448 | GP1: 🏠 العودة للرئيسية
A2: 🏠 العودة للصفحة الرئيسية
A3: اسم عضو الفريق التنفيذي: عبدالله خالد العتيبي | H3: الأسبوع الأول من بداية الفصل الدراسي الأول | AB3: الأسبوع الثاني | AV3: الأسبوع 3 | BP3: الأسبوع 4 | CJ3: الأسبوع 5 | DD3: الأسبوع 6 | DX3: الأسبوع 7 | ER3: الأسبوع 8 | FL3: الأسبوع 9 | GF3: الأسبوع 10 | GZ3: الأسبوع 11 | HT3: الأسبوع 12 | IN3: الأسبوع 13 | JH3: الأسبوع 14 | KB3: الأسبوع 15 | KV3: الأسبوع 16 | LP3: الأسبوع 17 | MJ3: الأسبوع 18 | ND3: الأسبوع 19
H4: الأحد 10 / 3 | L4: الاثنين 11 / 3 | P4: الثلاثاء 12 / 3 | T4: الأربعاء 13 / 3 | X4: الخميس 14 / 3 | AB4: الأحد 17/3 | AF4: الاثنين18/3 | AJ4: الثلاثاء19/3 | AN4: الأربعاء20/3 | AR4: الخميس21/3 | AV4: الأحد24/3 | AZ4: الاثنين25/3 | BD4: الثلاثاء26/3 | BH4: الأربعاء 27/3 | BL4: الخميس28/3 | BP4: الأحد2/4 | BT4: الاثنين3/4 | BX4: الثلاثاء4/4 | CB4: الأربعاء5/4 | CF4: الخميس6/4 | CJ4: الأحد9/4 | CN4: الاثنين10/4 | CR4: الثلاثاء11/4 | CV4: الأربعاء12/4 | CZ4: الخميس13/7 | DD4: الأحد16/4 | DH4: الاثنين17/4 | DL4: الثلاثاء18/4 | DP4: الأربعاء19/4 | DT4: الخميس20/4 | DX4: الأحد23/4 | EB4: الاثنين24/4 | EF4: الثلاثاء | EJ4: الأربعاء | EN4: الخميس | ER4: الأحد | EV4: الاثنين | EZ4: الثلاثاء | FD4: الأربعاء | FH4: الخميس | FL4: الأحد | FP4: الاثنين | FT4: الثلاثاء | FX4: الأربعاء | GB4: الخميس | GF4: الأحد | GJ4: الاثنين | GN4: الثلاثاء | GR4: الأربعاء | GV4: الخميس | GZ4: الأحد | HD4: الاثنين | HH4: الثلاثاء | HL4: الأربعاء | HP4: الخميس | HT4: الأحد | HX4: الاثنين | IB4: الثلاثاء | IF4: الأربعاء | IJ4: الخميس | IN4: الأحد | IR4: الاثنين | IV4: الثلاثاء | IZ4: الأربعاء | JD4: الخميس | JH4: الأحد | JL4: الاثنين | JP4: الثلاثاء | JT4: الأربعاء | JX4: الخميس | KB4: الأحد | KF4: الاثنين | KJ4: الثلاثاء | KN4: الأربعاء | KR4: الخميس | KV4: الأحد | KZ4: الاثنين | LD4: الثلاثاء | LH4: الأربعاء | LL4: الخميس | LP4: الأحد | LT4: الاثنين | LX4: الثلاثاء | MB4: الأربعاء | MF4: الخميس | MJ4: الأحد | MN4: الاثنين | MR4: الثلاثاء | MV4: الأربعاء | MZ4: الخميس | ND4: الأحد | NH4: الاثنين | NL4: الثلاثاء | NP4: الأربعاء | NT4: الخميس
A5: م | B5: المدرسة | C5: المرحلة الدراسية | D5: الرقم الوزاري | E5: جنس المدرسة | F5: العدد الكلي للمعلمين | G5: العدد الكلي للطلاب | H5: دخول المعلمين | I5: نسبة المعلمين | J5: دخول الطلاب | K5: نسبة الطلاب | L5: دخول المعلمين | M5: نسبة المعلمين | N5: دخول الطلاب | O5: نسبة الطلاب | P5: دخول المعلمين | Q5: نسبة المعلمين | R5: دخول الطلاب | S5: نسبة الطلاب | T5: دخول المعلمين | U5: نسبة المعلمين | V5: دخول الطلاب | W5: نسبة الطلاب | X5: دخول المعلمين | Y5: نسبة المعلمين | Z5: دخول الطلاب | AA5: نسبة الطلاب | AB5: دخول المعلمين | AC5: نسبة المعلمين | AD5: دخول الطلاب | AE5: نسبة الطلاب | AF5: دخول المعلمين | AG5: نسبة المعلمين | AH5: دخول الطلاب | AI5: نسبة الطلاب | AJ5: دخول المعلمين | AK5: نسبة المعلمين | AL5: دخول الطلاب | AM5: نسبة الطلاب | AN5: دخول المعلمين | AO5: نسبة المعلمين | AP5: دخول الطلاب | AQ5: نسبة الطلاب | AR5: دخول المعلمين | AS5: نسبة المعلمين | AT5: دخول الطلاب | AU5: نسبة الطلاب | AV5: دخول المعلمين | AW5: نسبة المعلمين | AX5: دخول الطلاب | AY5: نسبة الطلاب | AZ5: دخول المعلمين | BA5: نسبة المعلمين | BB5: دخول الطلاب | BC5: نسبة الطلاب | BD5: دخول المعلمين | BE5: نسبة المعلمين | BF5: دخول الطلاب | BG5: نسبة الطلاب | BH5: دخول المعلمين | BI5: نسبة المعلمين | BJ5: دخول الطلاب | BK5: نسبة الطلاب | BL5: دخول المعلمين | BM5: نسبة المعلمين | BN5: دخول الطلاب | BO5: نسبة الطلاب | BP5: دخول المعلمين | BQ5: نسبة المعلمين | BR5: دخول الطلاب | BS5: نسبة الطلاب | BT5: دخول المعلمين | BU5: نسبة المعلمين | BV5: دخول الطلاب | BW5: نسبة الطلاب | BX5: دخول المعلمين | BY5: نسبة المعلمين | BZ5: دخول الطلاب | CA5: نسبة الطلاب | CB5: دخول المعلمين | CC5: نسبة المعلمين | CD5: دخول الطلاب | CE5: نسبة الطلاب | CF5: دخول المعلمين | CG5: نسبة المعلمين | CH5: دخول الطلاب | CI5: نسبة الطلاب | CJ5: دخول المعلمين | CK5: نسبة المعلمين | CL5: دخول الطلاب | CM5: نسبة الطلاب | CN5: دخول المعلمين | CO5: نسبة المعلمين | CP5: دخول الطلاب | CQ5: نسبة الطلاب | CR5: دخول المعلمين | CS5: نسبة المعلمين | CT5: دخول الطلاب | CU5: نسبة الطلاب | CV5: دخول المعلمين | CW5: نسبة المعلمين | CX5: دخول الطلاب | CY5: نسبة الطلاب | CZ5: دخول المعلمين | DA5: نسبة المعلمين | DB5: دخول الطلاب | DC5: نسبة الطلاب | DD5: دخول المعلمين | DE5: نسبة المعلمين | DF5: دخول الطلاب | DG5: نسبة الطلاب | DH5: دخول المعلمين | DI5: نسبة المعلمين | DJ5: دخول الطلاب | DK5: نسبة الطلاب | DL5: دخول المعلمين | DM5: نسبة المعلمين | DN5: دخول الطلاب | DO5: نسبة الطلاب | DP5: دخول المعلمين | DQ5: نسبة المعلمين | DR5: دخول الطلاب | DS5: نسبة الطلاب | DT5: دخول المعلمين | DU5: نسبة المعلمين | DV5: دخول الطلاب | DW5: نسبة الطلاب | DX5: دخول المعلمين | DY5: نسبة المعلمين | DZ5: دخول الطلاب | EA5: نسبة الطلاب | EB5: دخول المعلمين | EC5: نسبة المعلمين | ED5: دخول الطلاب | EE5: نسبة الطلاب | EF5: دخول المعلمين | EG5: نسبة المعلمين | EH5: دخول الطلاب | EI5: نسبة الطلاب | EJ5: دخول المعلمين | EK5: نسبة المعلمين | EL5: دخول الطلاب | EM5: نسبة الطلاب | EN5: دخول المعلمين | EO5: نسبة المعلمين | EP5: دخول الطلاب | EQ5: نسبة الطلاب | ER5: دخول المعلمين | ES5: نسبة المعلمين | ET5: دخول الطلاب | EU5: نسبة الطلاب | EV5: دخول المعلمين | EW5: نسبة المعلمين | EX5: دخول الطلاب | EY5: نسبة الطلاب | EZ5: دخول المعلمين | FA5: نسبة المعلمين | FB5: دخول الطلاب | FC5: نسبة الطلاب | FD5: دخول المعلمين | FE5: نسبة المعلمين | FF5: دخول الطلاب | FG5: نسبة الطلاب | FH5: دخول المعلمين | FI5: نسبة المعلمين | FJ5: دخول الطلاب | FK5: نسبة الطلاب | FL5: دخول المعلمين | FM5: نسبة المعلمين | FN5: دخول الطلاب | FO5: نسبة الطلاب | FP5: دخول المعلمين | FQ5: نسبة المعلمين | FR5: دخول الطلاب | FS5: نسبة الطلاب | FT5: دخول المعلمين | FU5: نسبة المعلمين | FV5: دخول الطلاب | FW5: نسبة الطلاب | FX5: دخول المعلمين | FY5: نسبة المعلمين | FZ5: دخول الطلاب | GA5: نسبة الطلاب | GB5: دخول المعلمين | GC5: نسبة المعلمين | GD5: دخول الطلاب | GE5: نسبة الطلاب | GF5: دخول المعلمين | GG5: نسبة المعلمين | GH5: دخول الطلاب | GI5: نسبة الطلاب | GJ5: دخول المعلمين | GK5: نسبة المعلمين | GL5: دخول الطلاب | GM5: نسبة الطلاب | GN5: دخول المعلمين | GO5: نسبة المعلمين | GP5: دخول الطلاب | GQ5: نسبة الطلاب | GR5: دخول المعلمين | GS5: نسبة المعلمين | GT5: دخول الطلاب | GU5: نسبة الطلاب | GV5: دخول المعلمين | GW5: نسبة المعلمين | GX5: دخول الطلاب | GY5: نسبة الطلاب | GZ5: دخول المعلمين | HA5: نسبة المعلمين | HB5: دخول الطلاب | HC5: نسبة الطلاب | HD5: دخول المعلمين | HE5: نسبة المعلمين | HF5: دخول الطلاب | HG5: نسبة الطلاب | HH5: دخول المعلمين | HI5: نسبة المعلمين | HJ5: دخول الطلاب | HK5: نسبة الطلاب | HL5: دخول المعلمين | HM5: نسبة المعلمين | HN5: دخول الطلاب | HO5: نسبة الطلاب | HP5: دخول المعلمين | HQ5: نسبة المعلمين | HR5: دخول الطلاب | HS5: نسبة الطلاب | HT5: دخول المعلمين | HU5: نسبة المعلمين | HV5: دخول الطلاب | HW5: نسبة الطلاب | HX5: دخول المعلمين | HY5: نسبة المعلمين | HZ5: دخول الطلاب | IA5: نسبة الطلاب | IB5: دخول المعلمين | IC5: نسبة المعلمين | ID5: دخول الطلاب | IE5: نسبة الطلاب | IF5: دخول المعلمين | IG5: نسبة المعلمين | IH5: دخول الطلاب | II5: نسبة الطلاب | IJ5: دخول المعلمين | IK5: نسبة المعلمين | IL5: دخول الطلاب | IM5: نسبة الطلاب | IN5: دخول المعلمين | IO5: نسبة المعلمين | IP5: دخول الطلاب | IQ5: نسبة الطلاب | IR5: دخول المعلمين | IS5: نسبة المعلمين | IT5: دخول الطلاب | IU5: نسبة الطلاب | IV5: دخول المعلمين | IW5: نسبة المعلمين | IX5: دخول الطلاب | IY5: نسبة الطلاب | IZ5: دخول المعلمين | JA5: نسبة المعلمين | JB5: دخول الطلاب | JC5: نسبة الطلاب | JD5: دخول المعلمين | JE5: نسبة المعلمين | JF5: دخول الطلاب | JG5: نسبة الطلاب | JH5: دخول المعلمين | JI5: نسبة المعلمين | JJ5: دخول الطلاب | JK5: نسبة الطلاب | JL5: دخول المعلمين | JM5: نسبة المعلمين | JN5: دخول الطلاب | JO5: نسبة الطلاب | JP5: دخول المعلمين | JQ5: نسبة المعلمين | JR5: دخول الطلاب | JS5: نسبة الطلاب | JT5: دخول المعلمين | JU5: نسبة المعلمين | JV5: دخول الطلاب | JW5: نسبة الطلاب | JX5: دخول المعلمين | JY5: نسبة المعلمين | JZ5: دخول الطلاب | KA5: نسبة الطلاب | KB5: دخول المعلمين | KC5: نسبة المعلمين | KD5: دخول الطلاب | KE5: نسبة الطلاب | KF5: دخول المعلمين | KG5: نسبة المعلمين | KH5: دخول الطلاب | KI5: نسبة الطلاب | KJ5: دخول المعلمين | KK5: نسبة المعلمين | KL5: دخول الطلاب | KM5: نسبة الطلاب | KN5: دخول المعلمين | KO5: نسبة المعلمين | KP5: دخول الطلاب | KQ5: نسبة الطلاب | KR5: دخول المعلمين | KS5: نسبة المعلمين | KT5: دخول الطلاب | KU5: نسبة الطلاب | KV5: دخول المعلمين | KW5: نسبة المعلمين | KX5: دخول الطلاب | KY5: نسبة الطلاب | KZ5: دخول المعلمين | LA5: نسبة المعلمين | LB5: دخول الطلاب | LC5: نسبة الطلاب | LD5: دخول المعلمين | LE5: نسبة المعلمين | LF5: دخول الطلاب | LG5: نسبة الطلاب | LH5: دخول المعلمين | LI5: نسبة المعلمين | LJ5: دخول الطلاب | LK5: نسبة الطلاب | LL5: دخول المعلمين | LM5: نسبة المعلمين | LN5: دخول الطلاب | LO5: نسبة الطلاب | LP5: دخول المعلمين | LQ5: نسبة المعلمين | LR5: دخول الطلاب | LS5: نسبة الطلاب | LT5: دخول المعلمين | LU5: نسبة المعلمين | LV5: دخول الطلاب | LW5: نسبة الطلاب | LX5: دخول المعلمين | LY5: نسبة المعلمين | LZ5: دخول الطلاب | MA5: نسبة الطلاب | MB5: دخول المعلمين | MC5: نسبة المعلمين | MD5: دخول الطلاب | ME5: نسبة الطلاب | MF5: دخول المعلمين | MG5: نسبة المعلمين | MH5: دخول الطلاب | MI5: نسبة الطلاب | MJ5: دخول المعلمين | MK5: نسبة المعلمين | ML5: دخول الطلاب | MM5: نسبة الطلاب | MN5: دخول المعلمين | MO5: نسبة المعلمين | MP5: دخول الطلاب | MQ5: نسبة الطلاب | MR5: دخول المعلمين | MS5: نسبة المعلمين | MT5: دخول الطلاب | MU5: نسبة الطلاب | MV5: دخول المعلمين | MW5: نسبة المعلمين | MX5: دخول الطلاب | MY5: نسبة الطلاب | MZ5: دخول المعلمين | NA5: نسبة المعلمين | NB5: دخول الطلاب | NC5: نسبة الطلاب | ND5: دخول المعلمين | NE5: نسبة المعلمين | NF5: دخول الطلاب | NG5: نسبة الطلاب | NH5: دخول المعلمين | NI5: نسبة المعلمين | NJ5: دخول الطلاب | NK5: نسبة الطلاب | NL5: دخول المعلمين | NM5: نسبة المعلمين | NN5: دخول الطلاب | NO5: نسبة الطلاب | NP5: دخول المعلمين | NQ5: نسبة المعلمين | NR5: دخول الطلاب | NS5: نسبة الطلاب | NT5: دخول المعلمين | NU5: نسبة المعلمين | NV5: دخول الطلاب | NW5: نسبة الطلاب
A6: 1 | B6: الارطاوي بالسر | C6: الثانوية | D6: m3917285 | E6: بنين | F6: 8 | G6: 50 | H6: 8 | I6: =IF(OR($F6="",H6=""),"",IF($F6=0,0,H6/$F6)) -> 1 | J6: 10 | K6: =IF(OR($G6="",J6=""),"",IF($G6=0,0,J6/$G6)) -> 0.2 | L6: 8 | M6: =IF(OR($F6="",L6=""),"",IF($F6=0,0,L6/$F6)) -> 1 | N6: 10 | O6: =IF(OR($G6="",N6=""),"",IF($G6=0,0,N6/$G6)) -> 0.2 | P6: 8 | Q6: =IF(OR($F6="",P6=""),"",IF($F6=0,0,P6/$F6)) -> 1 | R6: 13 | S6: =IF(OR($G6="",R6=""),"",IF($G6=0,0,R6/$G6)) -> 0.26 | T6: 8 | U6: =IF(OR($F6="",T6=""),"",IF($F6=0,0,T6/$F6)) -> 1 | V6: 18 | W6: =IF(OR($G6="",V6=""),"",IF($G6=0,0,V6/$G6)) -> 0.36 | X6: 8 | Y6: =IF(OR($F6="",X6=""),"",IF($F6=0,0,X6/$F6)) -> 1 | Z6: 21 | AA6: =IF(OR($G6="",Z6=""),"",IF($G6=0,0,Z6/$G6)) -> 0.42 | AB6: 8 | AC6: =IF(OR($F6="",AB6=""),"",IF($F6=0,0,AB6/$F6)) -> 1 | AD6: 21 | AE6: =IF(OR($G6="",AD6=""),"",IF($G6=0,0,AD6/$G6)) -> 0.42 | AF6: 8 | AG6: =IF(OR($F6="",AF6=""),"",IF($F6=0,0,AF6/$F6)) -> 1 | AH6: 24 | AI6: =IF(OR($G6="",AH6=""),"",IF($G6=0,0,AH6/$G6)) -> 0.48 | AJ6: 8 | AK6: =IF(OR($F6="",AJ6=""),"",IF($F6=0,0,AJ6/$F6)) -> 1 | AL6: 27 | AM6: =IF(OR($G6="",AL6=""),"",IF($G6=0,0,AL6/$G6)) -> 0.54 | AN6: 8 | AO6: =IF(OR($F6="",AN6=""),"",IF($F6=0,0,AN6/$F6)) -> 1 | AP6: 29 | AQ6: =IF(OR($G6="",AP6=""),"",IF($G6=0,0,AP6/$G6)) -> 0.58 | AR6: 8 | AS6: =IF(OR($F6="",AR6=""),"",IF($F6=0,0,AR6/$F6)) -> 1 | AT6: 29 | AU6: =IF(OR($G6="",AT6=""),"",IF($G6=0,0,AT6/$G6)) -> 0.58 | AV6: 8 | AW6: =IF(OR($F6="",AV6=""),"",IF($F6=0,0,AV6/$F6)) -> 1 | AX6: 41 | AY6: =IF(OR($G6="",AX6=""),"",IF($G6=0,0,AX6/$G6)) -> 0.82 | AZ6: 8 | BA6: =IF(OR($F6="",AZ6=""),"",IF($F6=0,0,AZ6/$F6)) -> 1 | BB6: 42 | BC6: =IF(OR($G6="",BB6=""),"",IF($G6=0,0,BB6/$G6)) -> 0.84 | BD6: 8 | BE6: =IF(OR($F6="",BD6=""),"",IF($F6=0,0,BD6/$F6)) -> 1 | BF6: 45 | BG6: =IF(OR($G6="",BF6=""),"",IF($G6=0,0,BF6/$G6)) -> 0.9 | BH6: 8 | BI6: =IF(OR($F6="",BH6=""),"",IF($F6=0,0,BH6/$F6)) -> 1 | BJ6: 47 | BK6: =IF(OR($G6="",BJ6=""),"",IF($G6=0,0,BJ6/$G6)) -> 0.94 | BL6: 8 | BM6: =IF(OR($F6="",BL6=""),"",IF($F6=0,0,BL6/$F6)) -> 1 | BN6: 47 | BO6: =IF(OR($G6="",BN6=""),"",IF($G6=0,0,BN6/$G6)) -> 0.94 | BP6: 8 | BQ6: =IF(OR($F6="",BP6=""),"",IF($F6=0,0,BP6/$F6)) -> 1 | BR6: 47 | BS6: =IF(OR($G6="",BR6=""),"",IF($G6=0,0,BR6/$G6)) -> 0.94 | BT6: 8 | BU6: =IF(OR($F6="",BT6=""),"",IF($F6=0,0,BT6/$F6)) -> 1 | BV6: 48 | BW6: =IF(OR($G6="",BV6=""),"",IF($G6=0,0,BV6/$G6)) -> 0.96 | BX6: 8 | BY6: =IF(OR($F6="",BX6=""),"",IF($F6=0,0,BX6/$F6)) -> 1 | BZ6: 48 | CA6: =IF(OR($G6="",BZ6=""),"",IF($G6=0,0,BZ6/$G6)) -> 0.96 | CB6: 8 | CC6: =IF(OR($F6="",CB6=""),"",IF($F6=0,0,CB6/$F6)) -> 1 | CD6: 47 | CE6: 94.0% | CF6: 8 | CG6: 100.0% | CH6: 49 | CI6: =IF(OR($G6="",CH6=""),"",IF($G6=0,0,CH6/$G6)) -> 0.98 | CJ6: 8 | CK6: =IF(OR($F6="",CJ6=""),"",IF($F6=0,0,CJ6/$F6)) -> 1 | CL6: 49 | CM6: =IF(OR($G6="",CL6=""),"",IF($G6=0,0,CL6/$G6)) -> 0.98 | CN6: 8 | CO6: =IF(OR($F6="",CN6=""),"",IF($F6=0,0,CN6/$F6)) -> 1 | CP6: 49 | CQ6: =IF(OR($G6="",CP6=""),"",IF($G6=0,0,CP6/$G6)) -> 0.98 | CR6: 8 | CS6: =IF(OR($F6="",CR6=""),"",IF($F6=0,0,CR6/$F6)) -> 1 | CT6: 49 | CU6: =IF(OR($G6="",CT6=""),"",IF($G6=0,0,CT6/$G6)) -> 0.98 | CW6: =IF(OR($F6="",CV6=""),"",IF($F6=0,0,CV6/$F6)) | CY6: =IF(OR($G6="",CX6=""),"",IF($G6=0,0,CX6/$G6)) | DA6: =IF(OR($F6="",CZ6=""),"",IF($F6=0,0,CZ6/$F6)) | DC6: =IF(OR($G6="",DB6=""),"",IF($G6=0,0,DB6/$G6)) | DD6: 8 | DE6: =IF(OR($F6="",DD6=""),"",IF($F6=0,0,DD6/$F6)) -> 1 | DF6: 49 | DG6: =IF(OR($G6="",DF6=""),"",IF($G6=0,0,DF6/$G6)) -> 0.98 | DH6: 8 | DI6: =IF(OR($F6="",DH6=""),"",IF($F6=0,0,DH6/$F6)) -> 1 | DJ6: 50 | DK6: =IF(OR($G6="",DJ6=""),"",IF($G6=0,0,DJ6/$G6)) -> 1 | DL6: 8 | DM6: =IF(OR($F6="",DL6=""),"",IF($F6=0,0,DL6/$F6)) -> 1 | DN6: 50 | DO6: =IF(OR($G6="",DN6=""),"",IF($G6=0,0,DN6/$G6)) -> 1 | DP6: 8 | DQ6: =IF(OR($F6="",DP6=""),"",IF($F6=0,0,DP6/$F6)) -> 1 | DR6: 50 | DS6: =IF(OR($G6="",DR6=""),"",IF($G6=0,0,DR6/$G6)) -> 1 | DT6: 8 | DU6: =IF(OR($F6="",DT6=""),"",IF($F6=0,0,DT6/$F6)) -> 1 | DV6: 50 | DW6: =IF(OR($G6="",DV6=""),"",IF($G6=0,0,DV6/$G6)) -> 1 | DX6: 8 | DY6: =IF(OR($F6="",DX6=""),"",IF($F6=0,0,DX6/$F6)) -> 1 | DZ6: 50 | EA6: =IF(OR($G6="",DZ6=""),"",IF($G6=0,0,DZ6/$G6)) -> 1 | EB6: 8 | EC6: =IF(OR($F6="",EB6=""),"",IF($F6=0,0,EB6/$F6)) -> 1 | ED6: 50 | EE6: =IF(OR($G6="",ED6=""),"",IF($G6=0,0,ED6/$G6)) -> 1 | EF6: 8 | EG6: =IF(OR($F6="",EF6=""),"",IF($F6=0,0,EF6/$F6)) -> 1 | EH6: 50 | EI6: =IF(OR($G6="",EH6=""),"",IF($G6=0,0,EH6/$G6)) -> 1 | EJ6: 8 | EK6: =IF(OR($F6="",EJ6=""),"",IF($F6=0,0,EJ6/$F6)) -> 1 | EL6: 50 | EM6: =IF(OR($G6="",EL6=""),"",IF($G6=0,0,EL6/$G6)) -> 1 | EN6: 8 | EO6: =IF(OR($F6="",EN6=""),"",IF($F6=0,0,EN6/$F6)) -> 1 | EP6: 50 | EQ6: =IF(OR($G6="",EP6=""),"",IF($G6=0,0,EP6/$G6)) -> 1 | ER6: 8 | ES6: =IF(OR($F6="",ER6=""),"",IF($F6=0,0,ER6/$F6)) -> 1 | ET6: 50 | EU6: =IF(OR($G6="",ET6=""),"",IF($G6=0,0,ET6/$G6)) -> 1 | EV6: 8 | EW6: =IF(OR($F6="",EV6=""),"",IF($F6=0,0,EV6/$F6)) -> 1 | EX6: 50 | EY6: =IF(OR($G6="",EX6=""),"",IF($G6=0,0,EX6/$G6)) -> 1 | EZ6: 8 | FA6: =IF(OR($F6="",EZ6=""),"",IF($F6=0,0,EZ6/$F6)) -> 1 | FB6: 50 | FC6: =IF(OR($G6="",FB6=""),"",IF($G6=0,0,FB6/$G6)) -> 1 | FD6: 8 | FE6: =IF(OR($F6="",FD6=""),"",IF($F6=0,0,FD6/$F6)) -> 1 | FF6: 50 | FG6: =IF(OR($G6="",FF6=""),"",IF($G6=0,0,FF6/$G6)) -> 1 | FH6: 8 | FI6: =IF(OR($F6="",FH6=""),"",IF($F6=0,0,FH6/$F6)) -> 1 | FJ6: 50 | FK6: 100 | FL6: 8 | FM6: =IF(OR($F6="",FL6=""),"",IF($F6=0,0,FL6/$F6)) -> 1 | FO6: =IF(OR($G6="",FN6=""),"",IF($G6=0,0,FN6/$G6)) | FQ6: =IF(OR($F6="",FP6=""),"",IF($F6=0,0,FP6/$F6)) | FS6: =IF(OR($G6="",FR6=""),"",IF($G6=0,0,FR6/$G6)) | FU6: =IF(OR($F6="",FT6=""),"",IF($F6=0,0,FT6/$F6)) | FW6: =IF(OR($G6="",FV6=""),"",IF($G6=0,0,FV6/$G6)) | FY6: =IF(OR($F6="",FX6=""),"",IF($F6=0,0,FX6/$F6)) | GA6: =IF(OR($G6="",FZ6=""),"",IF($G6=0,0,FZ6/$G6)) | GC6: =IF(OR($F6="",GB6=""),"",IF($F6=0,0,GB6/$F6)) | GE6: =IF(OR($G6="",GD6=""),"",IF($G6=0,0,GD6/$G6)) | GG6: =IF(OR($F6="",GF6=""),"",IF($F6=0,0,GF6/$F6)) | GI6: =IF(OR($G6="",GH6=""),"",IF($G6=0,0,GH6/$G6)) | GK6: =IF(OR($F6="",GJ6=""),"",IF($F6=0,0,GJ6/$F6)) | GM6: =IF(OR($G6="",GL6=""),"",IF($G6=0,0,GL6/$G6)) | GO6: =IF(OR($F6="",GN6=""),"",IF($F6=0,0,GN6/$F6)) | GQ6: =IF(OR($G6="",GP6=""),"",IF($G6=0,0,GP6/$G6)) | GS6: =IF(OR($F6="",GR6=""),"",IF($F6=0,0,GR6/$F6)) | GU6: =IF(OR($G6="",GT6=""),"",IF($G6=0,0,GT6/$G6)) | GW6: =IF(OR($F6="",GV6=""),"",IF($F6=0,0,GV6/$F6)) | GY6: =IF(OR($G6="",GX6=""),"",IF($G6=0,0,GX6/$G6)) | HA6: =IF(OR($F6="",GZ6=""),"",IF($F6=0,0,GZ6/$F6)) | HC6: =IF(OR($G6="",HB6=""),"",IF($G6=0,0,HB6/$G6)) | HE6: =IF(OR($F6="",HD6=""),"",IF($F6=0,0,HD6/$F6)) | HG6: =IF(OR($G6="",HF6=""),"",IF($G6=0,0,HF6/$G6)) | HI6: =IF(OR($F6="",HH6=""),"",IF($F6=0,0,HH6/$F6)) | HK6: =IF(OR($G6="",HJ6=""),"",IF($G6=0,0,HJ6/$G6)) | HM6: =IF(OR($F6="",HL6=""),"",IF($F6=0,0,HL6/$F6)) | HO6: =IF(OR($G6="",HN6=""),"",IF($G6=0,0,HN6/$G6)) | HQ6: =IF(OR($F6="",HP6=""),"",IF($F6=0,0,HP6/$F6)) | HS6: =IF(OR($G6="",HR6=""),"",IF($G6=0,0,HR6/$G6)) | HU6: =IF(OR($F6="",HT6=""),"",IF($F6=0,0,HT6/$F6)) | HW6: =IF(OR($G6="",HV6=""),"",IF($G6=0,0,HV6/$G6)) | HY6: =IF(OR($F6="",HX6=""),"",IF($F6=0,0,HX6/$F6)) | IA6: =IF(OR($G6="",HZ6=""),"",IF($G6=0,0,HZ6/$G6)) | IC6: =IF(OR($F6="",IB6=""),"",IF($F6=0,0,IB6/$F6)) | IE6: =IF(OR($G6="",ID6=""),"",IF($G6=0,0,ID6/$G6)) | IG6: =IF(OR($F6="",IF6=""),"",IF($F6=0,0,IF6/$F6)) | II6: =IF(OR($G6="",IH6=""),"",IF($G6=0,0,IH6/$G6)) | IK6: =IF(OR($F6="",IJ6=""),"",IF($F6=0,0,IJ6/$F6)) | IM6: =IF(OR($G6="",IL6=""),"",IF($G6=0,0,IL6/$G6)) | IO6: =IF(OR($F6="",IN6=""),"",IF($F6=0,0,IN6/$F6)) | IQ6: =IF(OR($G6="",IP6=""),"",IF($G6=0,0,IP6/$G6)) | IS6: =IF(OR($F6="",IR6=""),"",IF($F6=0,0,IR6/$F6)) | IU6: =IF(OR($G6="",IT6=""),"",IF($G6=0,0,IT6/$G6)) | IW6: =IF(OR($F6="",IV6=""),"",IF($F6=0,0,IV6/$F6)) | IY6: =IF(OR($G6="",IX6=""),"",IF($G6=0,0,IX6/$G6)) | JA6: =IF(OR($F6="",IZ6=""),"",IF($F6=0,0,IZ6/$F6)) | JC6: =IF(OR($G6="",JB6=""),"",IF($G6=0,0,JB6/$G6)) | JE6: =IF(OR($F6="",JD6=""),"",IF($F6=0,0,JD6/$F6)) | JG6: =IF(OR($G6="",JF6=""),"",IF($G6=0,0,JF6/$G6)) | JI6: =IF(OR($F6="",JH6=""),"",IF($F6=0,0,JH6/$F6)) | JK6: =IF(OR($G6="",JJ6=""),"",IF($G6=0,0,JJ6/$G6)) | JM6: =IF(OR($F6="",JL6=""),"",IF($F6=0,0,JL6/$F6)) | JO6: =IF(OR($G6="",JN6=""),"",IF($G6=0,0,JN6/$G6)) | JQ6: =IF(OR($F6="",JP6=""),"",IF($F6=0,0,JP6/$F6)) | JS6: =IF(OR($G6="",JR6=""),"",IF($G6=0,0,JR6/$G6)) | JU6: =IF(OR($F6="",JT6=""),"",IF($F6=0,0,JT6/$F6)) | JW6: =IF(OR($G6="",JV6=""),"",IF($G6=0,0,JV6/$G6)) | JY6: =IF(OR($F6="",JX6=""),"",IF($F6=0,0,JX6/$F6)) | KA6: =IF(OR($G6="",JZ6=""),"",IF($G6=0,0,JZ6/$G6)) | KC6: =IF(OR($F6="",KB6=""),"",IF($F6=0,0,KB6/$F6)) | KE6: =IF(OR($G6="",KD6=""),"",IF($G6=0,0,KD6/$G6)) | KG6: =IF(OR($F6="",KF6=""),"",IF($F6=0,0,KF6/$F6)) | KI6: =IF(OR($G6="",KH6=""),"",IF($G6=0,0,KH6/$G6)) | KK6: =IF(OR($F6="",KJ6=""),"",IF($F6=0,0,KJ6/$F6)) | KM6: =IF(OR($G6="",KL6=""),"",IF($G6=0,0,KL6/$G6)) | KO6: =IF(OR($F6="",KN6=""),"",IF($F6=0,0,KN6/$F6)) | KQ6: =IF(OR($G6="",KP6=""),"",IF($G6=0,0,KP6/$G6)) | KS6: =IF(OR($F6="",KR6=""),"",IF($F6=0,0,KR6/$F6)) | KU6: =IF(OR($G6="",KT6=""),"",IF($G6=0,0,KT6/$G6)) | KW6: =IF(OR($F6="",KV6=""),"",IF($F6=0,0,KV6/$F6)) | KY6: =IF(OR($G6="",KX6=""),"",IF($G6=0,0,KX6/$G6)) | LA6: =IF(OR($F6="",KZ6=""),"",IF($F6=0,0,KZ6/$F6)) | LC6: =IF(OR($G6="",LB6=""),"",IF($G6=0,0,LB6/$G6)) | LE6: =IF(OR($F6="",LD6=""),"",IF($F6=0,0,LD6/$F6)) | LG6: =IF(OR($G6="",LF6=""),"",IF($G6=0,0,LF6/$G6)) | LI6: =IF(OR($F6="",LH6=""),"",IF($F6=0,0,LH6/$F6)) | LK6: =IF(OR($G6="",LJ6=""),"",IF($G6=0,0,LJ6/$G6)) | LM6: =IF(OR($F6="",LL6=""),"",IF($F6=0,0,LL6/$F6)) | LO6: =IF(OR($G6="",LN6=""),"",IF($G6=0,0,LN6/$G6)) | LQ6: =IF(OR($F6="",LP6=""),"",IF($F6=0,0,LP6/$F6)) | LS6: =IF(OR($G6="",LR6=""),"",IF($G6=0,0,LR6/$G6)) | LU6: =IF(OR($F6="",LT6=""),"",IF($F6=0,0,LT6/$F6)) | LW6: =IF(OR($G6="",LV6=""),"",IF($G6=0,0,LV6/$G6)) | LY6: =IF(OR($F6="",LX6=""),"",IF($F6=0,0,LX6/$F6)) | MA6: =IF(OR($G6="",LZ6=""),"",IF($G6=0,0,LZ6/$G6)) | MC6: =IF(OR($F6="",MB6=""),"",IF($F6=0,0,MB6/$F6)) | ME6: =IF(OR($G6="",MD6=""),"",IF($G6=0,0,MD6/$G6)) | MG6: =IF(OR($F6="",MF6=""),"",IF($F6=0,0,MF6/$F6)) | MI6: =IF(OR($G6="",MH6=""),"",IF($G6=0,0,MH6/$G6)) | MK6: =IF(OR($F6="",MJ6=""),"",IF($F6=0,0,MJ6/$F6)) | MM6: =IF(OR($G6="",ML6=""),"",IF($G6=0,0,ML6/$G6)) | MO6: =IF(OR($F6="",MN6=""),"",IF($F6=0,0,MN6/$F6)) | MQ6: =IF(OR($G6="",MP6=""),"",IF($G6=0,0,MP6/$G6)) | MS6: =IF(OR($F6="",MR6=""),"",IF($F6=0,0,MR6/$F6)) | MU6: =IF(OR($G6="",MT6=""),"",IF($G6=0,0,MT6/$G6)) | MW6: =IF(OR($F6="",MV6=""),"",IF($F6=0,0,MV6/$F6)) | MY6: =IF(OR($G6="",MX6=""),"",IF($G6=0,0,MX6/$G6)) | NA6: =IF(OR($F6="",MZ6=""),"",IF($F6=0,0,MZ6/$F6)) | NC6: =IF(OR($G6="",NB6=""),"",IF($G6=0,0,NB6/$G6)) | NE6: =IF(OR($F6="",ND6=""),"",IF($F6=0,0,ND6/$F6)) | NG6: =IF(OR($G6="",NF6=""),"",IF($G6=0,0,NF6/$G6)) | NI6: =IF(OR($F6="",NH6=""),"",IF($F6=0,0,NH6/$F6)) | NK6: =IF(OR($G6="",NJ6=""),"",IF($G6=0,0,NJ6/$G6)) | NM6: =IF(OR($F6="",NL6=""),"",IF($F6=0,0,NL6/$F6)) | NO6: =IF(OR($G6="",NN6=""),"",IF($G6=0,0,NN6/$G6)) | NQ6: =IF(OR($F6="",NP6=""),"",IF($F6=0,0,NP6/$F6)) | NS6: =IF(OR($G6="",NR6=""),"",IF($G6=0,0,NR6/$G6)) | NU6: =IF(OR($F6="",NT6=""),"",IF($F6=0,0,NT6/$F6)) | NW6: =IF(OR($G6="",NV6=""),"",IF($G6=0,0,NV6/$G6))
A7: 2 | B7: الارطاوي بالسر | C7: المتوسطة | D7: 17229 | E7: بنين | F7: 10 | G7: 55 | H7: 10 | I7: =IF(OR($F7="",H7=""),"",IF($F7=0,0,H7/$F7)) -> 1 | J7: 15 | K7: =IF(OR($G7="",J7=""),"",IF($G7=0,0,J7/$G7)) -> 0.27272727 | L7: 10 | M7: =IF(OR($F7="",L7=""),"",IF($F7=0,0,L7/$F7)) -> 1 | N7: 17 | O7: =IF(OR($G7="",N7=""),"",IF($G7=0,0,N7/$G7)) -> 0.30909091 | P7: 10 | Q7: =IF(OR($F7="",P7=""),"",IF($F7=0,0,P7/$F7)) -> 1 | R7: 18 | S7: =IF(OR($G7="",R7=""),"",IF($G7=0,0,R7/$G7)) -> 0.32727273 | T7: 10 | U7: =IF(OR($F7="",T7=""),"",IF($F7=0,0,T7/$F7)) -> 1 | V7: 21 | W7: =IF(OR($G7="",V7=""),"",IF($G7=0,0,V7/$G7)) -> 0.38181818 | X7: 10 | Y7: =IF(OR($F7="",X7=""),"",IF($F7=0,0,X7/$F7)) -> 1 | Z7: 26 | AA7: =IF(OR($G7="",Z7=""),"",IF($G7=0,0,Z7/$G7)) -> 0.47272727 | AB7: 10 | AC7: =IF(OR($F7="",AB7=""),"",IF($F7=0,0,AB7/$F7)) -> 1 | AD7: 27 | AE7: =IF(OR($G7="",AD7=""),"",IF($G7=0,0,AD7/$G7)) -> 0.49090909 | AF7: 10 | AG7: =IF(OR($F7="",AF7=""),"",IF($F7=0,0,AF7/$F7)) -> 1 | AH7: 33 | AI7: =IF(OR($G7="",AH7=""),"",IF($G7=0,0,AH7/$G7)) -> 0.6 | AJ7: 10 | AK7: =IF(OR($F7="",AJ7=""),"",IF($F7=0,0,AJ7/$F7)) -> 1 | AL7: 36 | AM7: =IF(OR($G7="",AL7=""),"",IF($G7=0,0,AL7/$G7)) -> 0.65454545 | AN7: 10 | AO7: =IF(OR($F7="",AN7=""),"",IF($F7=0,0,AN7/$F7)) -> 1 | AP7: 36 | AQ7: =IF(OR($G7="",AP7=""),"",IF($G7=0,0,AP7/$G7)) -> 0.65454545 | AR7: 10 | AS7: =IF(OR($F7="",AR7=""),"",IF($F7=0,0,AR7/$F7)) -> 1 | AT7: 36 | AU7: =IF(OR($G7="",AT7=""),"",IF($G7=0,0,AT7/$G7)) -> 0.65454545 | AV7: 10 | AW7: =IF(OR($F7="",AV7=""),"",IF($F7=0,0,AV7/$F7)) -> 1 | AX7: 39 | AY7: =IF(OR($G7="",AX7=""),"",IF($G7=0,0,AX7/$G7)) -> 0.70909091 | AZ7: 10 | BA7: =IF(OR($F7="",AZ7=""),"",IF($F7=0,0,AZ7/$F7)) -> 1 | BB7: 39 | BC7: =IF(OR($G7="",BB7=""),"",IF($G7=0,0,BB7/$G7)) -> 0.70909091 | BD7: 10 | BE7: =IF(OR($F7="",BD7=""),"",IF($F7=0,0,BD7/$F7)) -> 1 | BF7: 41 | BG7: =IF(OR($G7="",BF7=""),"",IF($G7=0,0,BF7/$G7)) -> 0.74545455 | BH7: 10 | BI7: =IF(OR($F7="",BH7=""),"",IF($F7=0,0,BH7/$F7)) -> 1 | BJ7: 42 | BK7: =IF(OR($G7="",BJ7=""),"",IF($G7=0,0,BJ7/$G7)) -> 0.76363636 | BL7: 10 | BM7: =IF(OR($F7="",BL7=""),"",IF($F7=0,0,BL7/$F7)) -> 1 | BN7: 42 | BO7: =IF(OR($G7="",BN7=""),"",IF($G7=0,0,BN7/$G7)) -> 0.76363636 | BP7: 10 | BQ7: =IF(OR($F7="",BP7=""),"",IF($F7=0,0,BP7/$F7)) -> 1 | BR7: 45 | BS7: =IF(OR($G7="",BR7=""),"",IF($G7=0,0,BR7/$G7)) -> 0.81818182 | BT7: 10 | BU7: =IF(OR($F7="",BT7=""),"",IF($F7=0,0,BT7/$F7)) -> 1 | BV7: 45 | BW7: 0.81 | BX7: 10 | BY7: =IF(OR($F7="",BX7=""),"",IF($F7=0,0,BX7/$F7)) -> 1 | BZ7: 51 | CA7: =IF(OR($G7="",BZ7=""),"",IF($G7=0,0,BZ7/$G7)) -> 0.92727273 | CB7: 10 | CC7: =IF(OR($F7="",CB7=""),"",IF($F7=0,0,CB7/$F7)) -> 1 | CD7: 50 | CE7: =IF(OR($G7="",CD7=""),"",IF($G7=0,0,CD7/$G7)) -> 0.90909091 | CF7: 10 | CG7: =IF(OR($F7="",CF7=""),"",IF($F7=0,0,CF7/$F7)) -> 1 | CH7: 52 | CI7: =IF(OR($G7="",CH7=""),"",IF($G7=0,0,CH7/$G7)) -> 0.94545455 | CJ7: 10 | CK7: =IF(OR($F7="",CJ7=""),"",IF($F7=0,0,CJ7/$F7)) -> 1 | CL7: 53 | CM7: =IF(OR($G7="",CL7=""),"",IF($G7=0,0,CL7/$G7)) -> 0.96363636 | CN7: 10 | CO7: =IF(OR($F7="",CN7=""),"",IF($F7=0,0,CN7/$F7)) -> 1 | CP7: 54 | CQ7: =IF(OR($G7="",CP7=""),"",IF($G7=0,0,CP7/$G7)) -> 0.98181818 | CR7: 10 | CS7: =IF(OR($F7="",CR7=""),"",IF($F7=0,0,CR7/$F7)) -> 1 | CT7: 55 | CU7: =IF(OR($G7="",CT7=""),"",IF($G7=0,0,CT7/$G7)) -> 1 | CW7: =IF(OR($F7="",CV7=""),"",IF($F7=0,0,CV7/$F7)) | CY7: =IF(OR($G7="",CX7=""),"",IF($G7=0,0,CX7/$G7)) | DA7: =IF(OR($F7="",CZ7=""),"",IF($F7=0,0,CZ7/$F7)) | DC7: =IF(OR($G7="",DB7=""),"",IF($G7=0,0,DB7/$G7)) | DD7: 10 | DE7: =IF(OR($F7="",DD7=""),"",IF($F7=0,0,DD7/$F7)) -> 1 | DF7: 55 | DG7: =IF(OR($G7="",DF7=""),"",IF($G7=0,0,DF7/$G7)) -> 1 | DH7: 10 | DI7: =IF(OR($F7="",DH7=""),"",IF($F7=0,0,DH7/$F7)) -> 1 | DJ7: 55 | DK7: =IF(OR($G7="",DJ7=""),"",IF($G7=0,0,DJ7/$G7)) -> 1 | DL7: 10 | DM7: =IF(OR($F7="",DL7=""),"",IF($F7=0,0,DL7/$F7)) -> 1 | DN7: 55 | DO7: =IF(OR($G7="",DN7=""),"",IF($G7=0,0,DN7/$G7)) -> 1 | DP7: 10 | DQ7: =IF(OR($F7="",DP7=""),"",IF($F7=0,0,DP7/$F7)) -> 1 | DR7: 55 | DS7: =IF(OR($G7="",DR7=""),"",IF($G7=0,0,DR7/$G7)) -> 1 | DT7: 10 | DU7: =IF(OR($F7="",DT7=""),"",IF($F7=0,0,DT7/$F7)) -> 1 | DV7: 55 | DW7: =IF(OR($G7="",DV7=""),"",IF($G7=0,0,DV7/$G7)) -> 1 | DX7: 10 | DY7: =IF(OR($F7="",DX7=""),"",IF($F7=0,0,DX7/$F7)) -> 1 | DZ7: 55 | EA7: =IF(OR($G7="",DZ7=""),"",IF($G7=0,0,DZ7/$G7)) -> 1 | EB7: 10 | EC7: =IF(OR($F7="",EB7=""),"",IF($F7=0,0,EB7/$F7)) -> 1 | ED7: 55 | EE7: =IF(OR($G7="",ED7=""),"",IF($G7=0,0,ED7/$G7)) -> 1 | EF7: 10 | EG7: =IF(OR($F7="",EF7=""),"",IF($F7=0,0,EF7/$F7)) -> 1 | EH7: 55 | EI7: =IF(OR($G7="",EH7=""),"",IF($G7=0,0,EH7/$G7)) -> 1 | EJ7: 10 | EK7: =IF(OR($F7="",EJ7=""),"",IF($F7=0,0,EJ7/$F7)) -> 1 | EL7: 55 | EM7: =IF(OR($G7="",EL7=""),"",IF($G7=0,0,EL7/$G7)) -> 1 | EN7: 10 | EO7: =IF(OR($F7="",EN7=""),"",IF($F7=0,0,EN7/$F7)) -> 1 | EP7: 55 | EQ7: =IF(OR($G7="",EP7=""),"",IF($G7=0,0,EP7/$G7)) -> 1 | ER7: 10 | ES7: =IF(OR($F7="",ER7=""),"",IF($F7=0,0,ER7/$F7)) -> 1 | ET7: 55 | EU7: =IF(OR($G7="",ET7=""),"",IF($G7=0,0,ET7/$G7)) -> 1 | EV7: 10 | EW7: =IF(OR($F7="",EV7=""),"",IF($F7=0,0,EV7/$F7)) -> 1 | EX7: 55 | EY7: =IF(OR($G7="",EX7=""),"",IF($G7=0,0,EX7/$G7)) -> 1 | EZ7: 10 | FA7: =IF(OR($F7="",EZ7=""),"",IF($F7=0,0,EZ7/$F7)) -> 1 | FB7: 55 | FC7: =IF(OR($G7="",FB7=""),"",IF($G7=0,0,FB7/$G7)) -> 1 | FD7: 10 | FE7: =IF(OR($F7="",FD7=""),"",IF($F7=0,0,FD7/$F7)) -> 1 | FF7: 55 | FG7: =IF(OR($G7="",FF7=""),"",IF($G7=0,0,FF7/$G7)) -> 1 | FH7: 10 | FI7: =IF(OR($F7="",FH7=""),"",IF($F7=0,0,FH7/$F7)) -> 1 | FJ7: 55 | FK7: =IF(OR($G7="",FJ7=""),"",IF($G7=0,0,FJ7/$G7)) -> 1 | FL7: 10 | FM7: =IF(OR($F7="",FL7=""),"",IF($F7=0,0,FL7/$F7)) -> 1 | FO7: =IF(OR($G7="",FN7=""),"",IF($G7=0,0,FN7/$G7)) | FQ7: =IF(OR($F7="",FP7=""),"",IF($F7=0,0,FP7/$F7)) | FS7: =IF(OR($G7="",FR7=""),"",IF($G7=0,0,FR7/$G7)) | FU7: =IF(OR($F7="",FT7=""),"",IF($F7=0,0,FT7/$F7)) | FW7: =IF(OR($G7="",FV7=""),"",IF($G7=0,0,FV7/$G7)) | FY7: =IF(OR($F7="",FX7=""),"",IF($F7=0,0,FX7/$F7)) | GA7: =IF(OR($G7="",FZ7=""),"",IF($G7=0,0,FZ7/$G7)) | GC7: =IF(OR($F7="",GB7=""),"",IF($F7=0,0,GB7/$F7)) | GE7: =IF(OR($G7="",GD7=""),"",IF($G7=0,0,GD7/$G7)) | GG7: =IF(OR($F7="",GF7=""),"",IF($F7=0,0,GF7/$F7)) | GI7: =IF(OR($G7="",GH7=""),"",IF($G7=0,0,GH7/$G7)) | GK7: =IF(OR($F7="",GJ7=""),"",IF($F7=0,0,GJ7/$F7)) | GM7: =IF(OR($G7="",GL7=""),"",IF($G7=0,0,GL7/$G7)) | GO7: =IF(OR($F7="",GN7=""),"",IF($F7=0,0,GN7/$F7)) | GQ7: =IF(OR($G7="",GP7=""),"",IF($G7=0,0,GP7/$G7)) | GS7: =IF(OR($F7="",GR7=""),"",IF($F7=0,0,GR7/$F7)) | GU7: =IF(OR($G7="",GT7=""),"",IF($G7=0,0,GT7/$G7)) | GW7: =IF(OR($F7="",GV7=""),"",IF($F7=0,0,GV7/$F7)) | GY7: =IF(OR($G7="",GX7=""),"",IF($G7=0,0,GX7/$G7)) | HA7: =IF(OR($F7="",GZ7=""),"",IF($F7=0,0,GZ7/$F7)) | HC7: =IF(OR($G7="",HB7=""),"",IF($G7=0,0,HB7/$G7)) | HE7: =IF(OR($F7="",HD7=""),"",IF($F7=0,0,HD7/$F7)) | HG7: =IF(OR($G7="",HF7=""),"",IF($G7=0,0,HF7/$G7)) | HI7: =IF(OR($F7="",HH7=""),"",IF($F7=0,0,HH7/$F7)) | HK7: =IF(OR($G7="",HJ7=""),"",IF($G7=0,0,HJ7/$G7)) | HM7: =IF(OR($F7="",HL7=""),"",IF($F7=0,0,HL7/$F7)) | HO7: =IF(OR($G7="",HN7=""),"",IF($G7=0,0,HN7/$G7)) | HQ7: =IF(OR($F7="",HP7=""),"",IF($F7=0,0,HP7/$F7)) | HS7: =IF(OR($G7="",HR7=""),"",IF($G7=0,0,HR7/$G7)) | HU7: =IF(OR($F7="",HT7=""),"",IF($F7=0,0,HT7/$F7)) | HW7: =IF(OR($G7="",HV7=""),"",IF($G7=0,0,HV7/$G7)) | HY7: =IF(OR($F7="",HX7=""),"",IF($F7=0,0,HX7/$F7)) | IA7: =IF(OR($G7="",HZ7=""),"",IF($G7=0,0,HZ7/$G7)) | IC7: =IF(OR($F7="",IB7=""),"",IF($F7=0,0,IB7/$F7)) | IE7: =IF(OR($G7="",ID7=""),"",IF($G7=0,0,ID7/$G7)) | IG7: =IF(OR($F7="",IF7=""),"",IF($F7=0,0,IF7/$F7)) | II7: =IF(OR($G7="",IH7=""),"",IF($G7=0,0,IH7/$G7)) | IK7: =IF(OR($F7="",IJ7=""),"",IF($F7=0,0,IJ7/$F7)) | IM7: =IF(OR($G7="",IL7=""),"",IF($G7=0,0,IL7/$G7)) | IO7: =IF(OR($F7="",IN7=""),"",IF($F7=0,0,IN7/$F7)) | IQ7: =IF(OR($G7="",IP7=""),"",IF($G7=0,0,IP7/$G7)) | IS7: =IF(OR($F7="",IR7=""),"",IF($F7=0,0,IR7/$F7)) | IU7: =IF(OR($G7="",IT7=""),"",IF($G7=0,0,IT7/$G7)) | IW7: =IF(OR($F7="",IV7=""),"",IF($F7=0,0,IV7/$F7)) | IY7: =IF(OR($G7="",IX7=""),"",IF($G7=0,0,IX7/$G7)) | JA7: =IF(OR($F7="",IZ7=""),"",IF($F7=0,0,IZ7/$F7)) | JC7: =IF(OR($G7="",JB7=""),"",IF($G7=0,0,JB7/$G7)) | JE7: =IF(OR($F7="",JD7=""),"",IF($F7=0,0,JD7/$F7)) | JG7: =IF(OR($G7="",JF7=""),"",IF($G7=0,0,JF7/$G7)) | JI7: =IF(OR($F7="",JH7=""),"",IF($F7=0,0,JH7/$F7)) | JK7: =IF(OR($G7="",JJ7=""),"",IF($G7=0,0,JJ7/$G7)) | JM7: =IF(OR($F7="",JL7=""),"",IF($F7=0,0,JL7/$F7)) | JO7: =IF(OR($G7="",JN7=""),"",IF($G7=0,0,JN7/$G7)) | JQ7: =IF(OR($F7="",JP7=""),"",IF($F7=0,0,JP7/$F7)) | JS7: =IF(OR($G7="",JR7=""),"",IF($G7=0,0,JR7/$G7)) | JU7: =IF(OR($F7="",JT7=""),"",IF($F7=0,0,JT7/$F7)) | JW7: =IF(OR($G7="",JV7=""),"",IF($G7=0,0,JV7/$G7)) | JY7: =IF(OR($F7="",JX7=""),"",IF($F7=0,0,JX7/$F7)) | KA7: =IF(OR($G7="",JZ7=""),"",IF($G7=0,0,JZ7/$G7)) | KC7: =IF(OR($F7="",KB7=""),"",IF($F7=0,0,KB7/$F7)) | KE7: =IF(OR($G7="",KD7=""),"",IF($G7=0,0,KD7/$G7)) | KG7: =IF(OR($F7="",KF7=""),"",IF($F7=0,0,KF7/$F7)) | KI7: =IF(OR($G7="",KH7=""),"",IF($G7=0,0,KH7/$G7)) | KK7: =IF(OR($F7="",KJ7=""),"",IF($F7=0,0,KJ7/$F7)) | KM7: =IF(OR($G7="",KL7=""),"",IF($G7=0,0,KL7/$G7)) | KO7: =IF(OR($F7="",KN7=""),"",IF($F7=0,0,KN7/$F7)) | KQ7: =IF(OR($G7="",KP7=""),"",IF($G7=0,0,KP7/$G7)) | KS7: =IF(OR($F7="",KR7=""),"",IF($F7=0,0,KR7/$F7)) | KU7: =IF(OR($G7="",KT7=""),"",IF($G7=0,0,KT7/$G7)) | KW7: =IF(OR($F7="",KV7=""),"",IF($F7=0,0,KV7/$F7)) | KY7: =IF(OR($G7="",KX7=""),"",IF($G7=0,0,KX7/$G7)) | LA7: =IF(OR($F7="",KZ7=""),"",IF($F7=0,0,KZ7/$F7)) | LC7: =IF(OR($G7="",LB7=""),"",IF($G7=0,0,LB7/$G7)) | LE7: =IF(OR($F7="",LD7=""),"",IF($F7=0,0,LD7/$F7)) | LG7: =IF(OR($G7="",LF7=""),"",IF($G7=0,0,LF7/$G7)) | LI7: =IF(OR($F7="",LH7=""),"",IF($F7=0,0,LH7/$F7)) | LK7: =IF(OR($G7="",LJ7=""),"",IF($G7=0,0,LJ7/$G7)) | LM7: =IF(OR($F7="",LL7=""),"",IF($F7=0,0,LL7/$F7)) | LO7: =IF(OR($G7="",LN7=""),"",IF($G7=0,0,LN7/$G7)) | LQ7: =IF(OR($F7="",LP7=""),"",IF($F7=0,0,LP7/$F7)) | LS7: =IF(OR($G7="",LR7=""),"",IF($G7=0,0,LR7/$G7)) | LU7: =IF(OR($F7="",LT7=""),"",IF($F7=0,0,LT7/$F7)) | LW7: =IF(OR($G7="",LV7=""),"",IF($G7=0,0,LV7/$G7)) | LY7: =IF(OR($F7="",LX7=""),"",IF($F7=0,0,LX7/$F7)) | MA7: =IF(OR($G7="",LZ7=""),"",IF($G7=0,0,LZ7/$G7)) | MC7: =IF(OR($F7="",MB7=""),"",IF($F7=0,0,MB7/$F7)) | ME7: =IF(OR($G7="",MD7=""),"",IF($G7=0,0,MD7/$G7)) | MG7: =IF(OR($F7="",MF7=""),"",IF($F7=0,0,MF7/$F7)) | MI7: =IF(OR($G7="",MH7=""),"",IF($G7=0,0,MH7/$G7)) | MK7: =IF(OR($F7="",MJ7=""),"",IF($F7=0,0,MJ7/$F7)) | MM7: =IF(OR($G7="",ML7=""),"",IF($G7=0,0,ML7/$G7)) | MO7: =IF(OR($F7="",MN7=""),"",IF($F7=0,0,MN7/$F7)) | MQ7: =IF(OR($G7="",MP7=""),"",IF($G7=0,0,MP7/$G7)) | MS7: =IF(OR($F7="",MR7=""),"",IF($F7=0,0,MR7/$F7)) | MU7: =IF(OR($G7="",MT7=""),"",IF($G7=0,0,MT7/$G7)) | MW7: =IF(OR($F7="",MV7=""),"",IF($F7=0,0,MV7/$F7)) | MY7: =IF(OR($G7="",MX7=""),"",IF($G7=0,0,MX7/$G7)) | NA7: =IF(OR($F7="",MZ7=""),"",IF($F7=0,0,MZ7/$F7)) | NC7: =IF(OR($G7="",NB7=""),"",IF($G7=0,0,NB7/$G7)) | NE7: =IF(OR($F7="",ND7=""),"",IF($F7=0,0,ND7/$F7)) | NG7: =IF(OR($G7="",NF7=""),"",IF($G7=0,0,NF7/$G7)) | NI7: =IF(OR($F7="",NH7=""),"",IF($F7=0,0,NH7/$F7)) | NK7: =IF(OR($G7="",NJ7=""),"",IF($G7=0,0,NJ7/$G7)) | NM7: =IF(OR($F7="",NL7=""),"",IF($F7=0,0,NL7/$F7)) | NO7: =IF(OR($G7="",NN7=""),"",IF($G7=0,0,NN7/$G7)) | NQ7: =IF(OR($F7="",NP7=""),"",IF($F7=0,0,NP7/$F7)) | NS7: =IF(OR($G7="",NR7=""),"",IF($G7=0,0,NR7/$G7)) | NU7: =IF(OR($F7="",NT7=""),"",IF($F7=0,0,NT7/$F7)) | NW7: =IF(OR($G7="",NV7=""),"",IF($G7=0,0,NV7/$G7))
A8: 3 | B8: الملك عبدالعزيز بالارطاوي | C8: الابتدائية | D8: 17108 | E8: بنين | F8: 13 | G8: 96 | H8: 12 | I8: =IF(OR($F8="",H8=""),"",IF($F8=0,0,H8/$F8)) -> 0.92307692 | J8: 7 | K8: =IF(OR($G8="",J8=""),"",IF($G8=0,0,J8/$G8)) -> 0.072916667 | L8: 12 | M8: =IF(OR($F8="",L8=""),"",IF($F8=0,0,L8/$F8)) -> 0.92307692 | N8: 10 | O8: =IF(OR($G8="",N8=""),"",IF($G8=0,0,N8/$G8)) -> 0.10416667 | P8: 12 | Q8: =IF(OR($F8="",P8=""),"",IF($F8=0,0,P8/$F8)) -> 0.92307692 | R8: 12 | S8: =IF(OR($G8="",R8=""),"",IF($G8=0,0,R8/$G8)) -> 0.125 | T8: 12 | U8: =IF(OR($F8="",T8=""),"",IF($F8=0,0,T8/$F8)) -> 0.92307692 | V8: 15 | W8: =IF(OR($G8="",V8=""),"",IF($G8=0,0,V8/$G8)) -> 0.15625 | X8: 12 | Y8: =IF(OR($F8="",X8=""),"",IF($F8=0,0,X8/$F8)) -> 0.92307692 | Z8: 17 | AA8: =IF(OR($G8="",Z8=""),"",IF($G8=0,0,Z8/$G8)) -> 0.17708333 | AB8: 12 | AC8: =IF(OR($F8="",AB8=""),"",IF($F8=0,0,AB8/$F8)) -> 0.92307692 | AD8: 20 | AE8: =IF(OR($G8="",AD8=""),"",IF($G8=0,0,AD8/$G8)) -> 0.20833333 | AF8: 12 | AG8: =IF(OR($F8="",AF8=""),"",IF($F8=0,0,AF8/$F8)) -> 0.92307692 | AH8: 21 | AI8: =IF(OR($G8="",AH8=""),"",IF($G8=0,0,AH8/$G8)) -> 0.21875 | AJ8: 12 | AK8: =IF(OR($F8="",AJ8=""),"",IF($F8=0,0,AJ8/$F8)) -> 0.92307692 | AL8: 25 | AM8: =IF(OR($G8="",AL8=""),"",IF($G8=0,0,AL8/$G8)) -> 0.26041667 | AN8: 12 | AO8: =IF(OR($F8="",AN8=""),"",IF($F8=0,0,AN8/$F8)) -> 0.92307692 | AP8: 25 | AQ8: =IF(OR($G8="",AP8=""),"",IF($G8=0,0,AP8/$G8)) -> 0.26041667 | AR8: 12 | AS8: =IF(OR($F8="",AR8=""),"",IF($F8=0,0,AR8/$F8)) -> 0.92307692 | AT8: 27 | AU8: =IF(OR($G8="",AT8=""),"",IF($G8=0,0,AT8/$G8)) -> 0.28125 | AV8: 13 | AW8: =IF(OR($F8="",AV8=""),"",IF($F8=0,0,AV8/$F8)) -> 1 | AX8: 45 | AY8: =IF(OR($G8="",AX8=""),"",IF($G8=0,0,AX8/$G8)) -> 0.46875 | AZ8: 13 | BA8: =IF(OR($F8="",AZ8=""),"",IF($F8=0,0,AZ8/$F8)) -> 1 | BB8: 51 | BC8: =IF(OR($G8="",BB8=""),"",IF($G8=0,0,BB8/$G8)) -> 0.53125 | BD8: 13 | BE8: =IF(OR($F8="",BD8=""),"",IF($F8=0,0,BD8/$F8)) -> 1 | BF8: 52 | BG8: =IF(OR($G8="",BF8=""),"",IF($G8=0,0,BF8/$G8)) -> 0.54166667 | BH8: 13 | BI8: =IF(OR($F8="",BH8=""),"",IF($F8=0,0,BH8/$F8)) -> 1 | BJ8: 53 | BK8: =IF(OR($G8="",BJ8=""),"",IF($G8=0,0,BJ8/$G8)) -> 0.55208333 | BL8: 13 | BM8: =IF(OR($F8="",BL8=""),"",IF($F8=0,0,BL8/$F8)) -> 1 | BN8: 53 | BO8: =IF(OR($G8="",BN8=""),"",IF($G8=0,0,BN8/$G8)) -> 0.55208333 | BP8: 13 | BQ8: =IF(OR($F8="",BP8=""),"",IF($F8=0,0,BP8/$F8)) -> 1 | BR8: 55 | BS8: =IF(OR($G8="",BR8=""),"",IF($G8=0,0,BR8/$G8)) -> 0.57291667 | BT8: 13 | BU8: =IF(OR($F8="",BT8=""),"",IF($F8=0,0,BT8/$F8)) -> 1 | BV8: 60 | BW8: =IF(OR($G8="",BV8=""),"",IF($G8=0,0,BV8/$G8)) -> 0.625 | BX8: 13 | BY8: =IF(OR($F8="",BX8=""),"",IF($F8=0,0,BX8/$F8)) -> 1 | BZ8: 63 | CA8: =IF(OR($G8="",BZ8=""),"",IF($G8=0,0,BZ8/$G8)) -> 0.65625 | CB8: 13 | CC8: =IF(OR($F8="",CB8=""),"",IF($F8=0,0,CB8/$F8)) -> 1 | CD8: 65 | CE8: =IF(OR($G8="",CD8=""),"",IF($G8=0,0,CD8/$G8)) -> 0.67708333 | CF8: 13 | CG8: =IF(OR($F8="",CF8=""),"",IF($F8=0,0,CF8/$F8)) -> 1 | CH8: 80 | CI8: =IF(OR($G8="",CH8=""),"",IF($G8=0,0,CH8/$G8)) -> 0.83333333 | CJ8: 13 | CK8: =IF(OR($F8="",CJ8=""),"",IF($F8=0,0,CJ8/$F8)) -> 1 | CL8: 90 | CM8: =IF(OR($G8="",CL8=""),"",IF($G8=0,0,CL8/$G8)) -> 0.9375 | CN8: 13 | CO8: =IF(OR($F8="",CN8=""),"",IF($F8=0,0,CN8/$F8)) -> 1 | CP8: 95 | CQ8: =IF(OR($G8="",CP8=""),"",IF($G8=0,0,CP8/$G8)) -> 0.98958333 | CR8: 13 | CS8: =IF(OR($F8="",CR8=""),"",IF($F8=0,0,CR8/$F8)) -> 1 | CT8: 95 | CU8: =IF(OR($G8="",CT8=""),"",IF($G8=0,0,CT8/$G8)) -> 0.98958333 | CW8: =IF(OR($F8="",CV8=""),"",IF($F8=0,0,CV8/$F8)) | CY8: =IF(OR($G8="",CX8=""),"",IF($G8=0,0,CX8/$G8)) | DA8: =IF(OR($F8="",CZ8=""),"",IF($F8=0,0,CZ8/$F8)) | DC8: =IF(OR($G8="",DB8=""),"",IF($G8=0,0,DB8/$G8)) | DD8: 13 | DE8: =IF(OR($F8="",DD8=""),"",IF($F8=0,0,DD8/$F8)) -> 1 | DF8: 95 | DG8: =IF(OR($G8="",DF8=""),"",IF($G8=0,0,DF8/$G8)) -> 0.98958333 | DH8: 13 | DI8: =IF(OR($F8="",DH8=""),"",IF($F8=0,0,DH8/$F8)) -> 1 | DJ8: 95 | DK8: =IF(OR($G8="",DJ8=""),"",IF($G8=0,0,DJ8/$G8)) -> 0.98958333 | DL8: 13 | DM8: =IF(OR($F8="",DL8=""),"",IF($F8=0,0,DL8/$F8)) -> 1 | DN8: 95 | DO8: =IF(OR($G8="",DN8=""),"",IF($G8=0,0,DN8/$G8)) -> 0.98958333 | DP8: 13 | DQ8: =IF(OR($F8="",DP8=""),"",IF($F8=0,0,DP8/$F8)) -> 1 | DR8: 95 | DS8: =IF(OR($G8="",DR8=""),"",IF($G8=0,0,DR8/$G8)) -> 0.98958333 | DT8: 13 | DU8: =IF(OR($F8="",DT8=""),"",IF($F8=0,0,DT8/$F8)) -> 1 | DV8: 95 | DW8: =IF(OR($G8="",DV8=""),"",IF($G8=0,0,DV8/$G8)) -> 0.98958333 | DX8: 13 | DY8: =IF(OR($F8="",DX8=""),"",IF($F8=0,0,DX8/$F8)) -> 1 | DZ8: 95 | EA8: =IF(OR($G8="",DZ8=""),"",IF($G8=0,0,DZ8/$G8)) -> 0.98958333 | EB8: 13 | EC8: =IF(OR($F8="",EB8=""),"",IF($F8=0,0,EB8/$F8)) -> 1 | ED8: 95 | EE8: =IF(OR($G8="",ED8=""),"",IF($G8=0,0,ED8/$G8)) -> 0.98958333 | EF8: 13 | EG8: =IF(OR($F8="",EF8=""),"",IF($F8=0,0,EF8/$F8)) -> 1 | EH8: 95 | EI8: =IF(OR($G8="",EH8=""),"",IF($G8=0,0,EH8/$G8)) -> 0.98958333 | EJ8: 13 | EK8: =IF(OR($F8="",EJ8=""),"",IF($F8=0,0,EJ8/$F8)) -> 1 | EL8: 95 | EM8: =IF(OR($G8="",EL8=""),"",IF($G8=0,0,EL8/$G8)) -> 0.98958333 | EN8: 13 | EO8: =IF(OR($F8="",EN8=""),"",IF($F8=0,0,EN8/$F8)) -> 1 | EP8: 95 | EQ8: =IF(OR($G8="",EP8=""),"",IF($G8=0,0,EP8/$G8)) -> 0.98958333 | ER8: 13 | ES8: =IF(OR($F8="",ER8=""),"",IF($F8=0,0,ER8/$F8)) -> 1 | ET8: 95 | EU8: =IF(OR($G8="",ET8=""),"",IF($G8=0,0,ET8/$G8)) -> 0.98958333 | EV8: 13 | EW8: =IF(OR($F8="",EV8=""),"",IF($F8=0,0,EV8/$F8)) -> 1 | EX8: 95 | EY8: =IF(OR($G8="",EX8=""),"",IF($G8=0,0,EX8/$G8)) -> 0.98958333 | EZ8: 13 | FA8: =IF(OR($F8="",EZ8=""),"",IF($F8=0,0,EZ8/$F8)) -> 1 | FB8: 95 | FC8: =IF(OR($G8="",FB8=""),"",IF($G8=0,0,FB8/$G8)) -> 0.98958333 | FD8: 13 | FE8: =IF(OR($F8="",FD8=""),"",IF($F8=0,0,FD8/$F8)) -> 1 | FF8: 95 | FG8: =IF(OR($G8="",FF8=""),"",IF($G8=0,0,FF8/$G8)) -> 0.98958333 | FH8: 13 | FI8: =IF(OR($F8="",FH8=""),"",IF($F8=0,0,FH8/$F8)) -> 1 | FJ8: 95 | FK8: =IF(OR($G8="",FJ8=""),"",IF($G8=0,0,FJ8/$G8)) -> 0.98958333 | FL8: 13 | FM8: =IF(OR($F8="",FL8=""),"",IF($F8=0,0,FL8/$F8)) -> 1 | FO8: =IF(OR($G8="",FN8=""),"",IF($G8=0,0,FN8/$G8)) | FQ8: =IF(OR($F8="",FP8=""),"",IF($F8=0,0,FP8/$F8)) | FS8: =IF(OR($G8="",FR8=""),"",IF($G8=0,0,FR8/$G8)) | FU8: =IF(OR($F8="",FT8=""),"",IF($F8=0,0,FT8/$F8)) | FW8: =IF(OR($G8="",FV8=""),"",IF($G8=0,0,FV8/$G8)) | FY8: =IF(OR($F8="",FX8=""),"",IF($F8=0,0,FX8/$F8)) | GA8: =IF(OR($G8="",FZ8=""),"",IF($G8=0,0,FZ8/$G8)) | GC8: =IF(OR($F8="",GB8=""),"",IF($F8=0,0,GB8/$F8)) | GE8: =IF(OR($G8="",GD8=""),"",IF($G8=0,0,GD8/$G8)) | GG8: =IF(OR($F8="",GF8=""),"",IF($F8=0,0,GF8/$F8)) | GI8: =IF(OR($G8="",GH8=""),"",IF($G8=0,0,GH8/$G8)) | GK8: =IF(OR($F8="",GJ8=""),"",IF($F8=0,0,GJ8/$F8)) | GM8: =IF(OR($G8="",GL8=""),"",IF($G8=0,0,GL8/$G8)) | GO8: =IF(OR($F8="",GN8=""),"",IF($F8=0,0,GN8/$F8)) | GQ8: =IF(OR($G8="",GP8=""),"",IF($G8=0,0,GP8/$G8)) | GS8: =IF(OR($F8="",GR8=""),"",IF($F8=0,0,GR8/$F8)) | GU8: =IF(OR($G8="",GT8=""),"",IF($G8=0,0,GT8/$G8)) | GW8: =IF(OR($F8="",GV8=""),"",IF($F8=0,0,GV8/$F8)) | GY8: =IF(OR($G8="",GX8=""),"",IF($G8=0,0,GX8/$G8)) | HA8: =IF(OR($F8="",GZ8=""),"",IF($F8=0,0,GZ8/$F8)) | HC8: =IF(OR($G8="",HB8=""),"",IF($G8=0,0,HB8/$G8)) | HE8: =IF(OR($F8="",HD8=""),"",IF($F8=0,0,HD8/$F8)) | HG8: =IF(OR($G8="",HF8=""),"",IF($G8=0,0,HF8/$G8)) | HI8: =IF(OR($F8="",HH8=""),"",IF($F8=0,0,HH8/$F8)) | HK8: =IF(OR($G8="",HJ8=""),"",IF($G8=0,0,HJ8/$G8)) | HM8: =IF(OR($F8="",HL8=""),"",IF($F8=0,0,HL8/$F8)) | HO8: =IF(OR($G8="",HN8=""),"",IF($G8=0,0,HN8/$G8)) | HQ8: =IF(OR($F8="",HP8=""),"",IF($F8=0,0,HP8/$F8)) | HS8: =IF(OR($G8="",HR8=""),"",IF($G8=0,0,HR8/$G8)) | HU8: =IF(OR($F8="",HT8=""),"",IF($F8=0,0,HT8/$F8)) | HW8: =IF(OR($G8="",HV8=""),"",IF($G8=0,0,HV8/$G8)) | HY8: =IF(OR($F8="",HX8=""),"",IF($F8=0,0,HX8/$F8)) | IA8: =IF(OR($G8="",HZ8=""),"",IF($G8=0,0,HZ8/$G8)) | IC8: =IF(OR($F8="",IB8=""),"",IF($F8=0,0,IB8/$F8)) | IE8: =IF(OR($G8="",ID8=""),"",IF($G8=0,0,ID8/$G8)) | IG8: =IF(OR($F8="",IF8=""),"",IF($F8=0,0,IF8/$F8)) | II8: =IF(OR($G8="",IH8=""),"",IF($G8=0,0,IH8/$G8)) | IK8: =IF(OR($F8="",IJ8=""),"",IF($F8=0,0,IJ8/$F8)) | IM8: =IF(OR($G8="",IL8=""),"",IF($G8=0,0,IL8/$G8)) | IO8: =IF(OR($F8="",IN8=""),"",IF($F8=0,0,IN8/$F8)) | IQ8: =IF(OR($G8="",IP8=""),"",IF($G8=0,0,IP8/$G8)) | IS8: =IF(OR($F8="",IR8=""),"",IF($F8=0,0,IR8/$F8)) | IU8: =IF(OR($G8="",IT8=""),"",IF($G8=0,0,IT8/$G8)) | IW8: =IF(OR($F8="",IV8=""),"",IF($F8=0,0,IV8/$F8)) | IY8: =IF(OR($G8="",IX8=""),"",IF($G8=0,0,IX8/$G8)) | JA8: =IF(OR($F8="",IZ8=""),"",IF($F8=0,0,IZ8/$F8)) | JC8: =IF(OR($G8="",JB8=""),"",IF($G8=0,0,JB8/$G8)) | JE8: =IF(OR($F8="",JD8=""),"",IF($F8=0,0,JD8/$F8)) | JG8: =IF(OR($G8="",JF8=""),"",IF($G8=0,0,JF8/$G8)) | JI8: =IF(OR($F8="",JH8=""),"",IF($F8=0,0,JH8/$F8)) | JK8: =IF(OR($G8="",JJ8=""),"",IF($G8=0,0,JJ8/$G8)) | JM8: =IF(OR($F8="",JL8=""),"",IF($F8=0,0,JL8/$F8)) | JO8: =IF(OR($G8="",JN8=""),"",IF($G8=0,0,JN8/$G8)) | JQ8: =IF(OR($F8="",JP8=""),"",IF($F8=0,0,JP8/$F8)) | JS8: =IF(OR($G8="",JR8=""),"",IF($G8=0,0,JR8/$G8)) | JU8: =IF(OR($F8="",JT8=""),"",IF($F8=0,0,JT8/$F8)) | JW8: =IF(OR($G8="",JV8=""),"",IF($G8=0,0,JV8/$G8)) | JY8: =IF(OR($F8="",JX8=""),"",IF($F8=0,0,JX8/$F8)) | KA8: =IF(OR($G8="",JZ8=""),"",IF($G8=0,0,JZ8/$G8)) | KC8: =IF(OR($F8="",KB8=""),"",IF($F8=0,0,KB8/$F8)) | KE8: =IF(OR($G8="",KD8=""),"",IF($G8=0,0,KD8/$G8)) | KG8: =IF(OR($F8="",KF8=""),"",IF($F8=0,0,KF8/$F8)) | KI8: =IF(OR($G8="",KH8=""),"",IF($G8=0,0,KH8/$G8)) | KK8: =IF(OR($F8="",KJ8=""),"",IF($F8=0,0,KJ8/$F8)) | KM8: =IF(OR($G8="",KL8=""),"",IF($G8=0,0,KL8/$G8)) | KO8: =IF(OR($F8="",KN8=""),"",IF($F8=0,0,KN8/$F8)) | KQ8: =IF(OR($G8="",KP8=""),"",IF($G8=0,0,KP8/$G8)) | KS8: =IF(OR($F8="",KR8=""),"",IF($F8=0,0,KR8/$F8)) | KU8: =IF(OR($G8="",KT8=""),"",IF($G8=0,0,KT8/$G8)) | KW8: =IF(OR($F8="",KV8=""),"",IF($F8=0,0,KV8/$F8)) | KY8: =IF(OR($G8="",KX8=""),"",IF($G8=0,0,KX8/$G8)) | LA8: =IF(OR($F8="",KZ8=""),"",IF($F8=0,0,KZ8/$F8)) | LC8: =IF(OR($G8="",LB8=""),"",IF($G8=0,0,LB8/$G8)) | LE8: =IF(OR($F8="",LD8=""),"",IF($F8=0,0,LD8/$F8)) | LG8: =IF(OR($G8="",LF8=""),"",IF($G8=0,0,LF8/$G8)) | LI8: =IF(OR($F8="",LH8=""),"",IF($F8=0,0,LH8/$F8)) | LK8: =IF(OR($G8="",LJ8=""),"",IF($G8=0,0,LJ8/$G8)) | LM8: =IF(OR($F8="",LL8=""),"",IF($F8=0,0,LL8/$F8)) | LO8: =IF(OR($G8="",LN8=""),"",IF($G8=0,0,LN8/$G8)) | LQ8: =IF(OR($F8="",LP8=""),"",IF($F8=0,0,LP8/$F8)) | LS8: =IF(OR($G8="",LR8=""),"",IF($G8=0,0,LR8/$G8)) | LU8: =IF(OR($F8="",LT8=""),"",IF($F8=0,0,LT8/$F8)) | LW8: =IF(OR($G8="",LV8=""),"",IF($G8=0,0,LV8/$G8)) | LY8: =IF(OR($F8="",LX8=""),"",IF($F8=0,0,LX8/$F8)) | MA8: =IF(OR($G8="",LZ8=""),"",IF($G8=0,0,LZ8/$G8)) | MC8: =IF(OR($F8="",MB8=""),"",IF($F8=0,0,MB8/$F8)) | ME8: =IF(OR($G8="",MD8=""),"",IF($G8=0,0,MD8/$G8)) | MG8: =IF(OR($F8="",MF8=""),"",IF($F8=0,0,MF8/$F8)) | MI8: =IF(OR($G8="",MH8=""),"",IF($G8=0,0,MH8/$G8)) | MK8: =IF(OR($F8="",MJ8=""),"",IF($F8=0,0,MJ8/$F8)) | MM8: =IF(OR($G8="",ML8=""),"",IF($G8=0,0,ML8/$G8)) | MO8: =IF(OR($F8="",MN8=""),"",IF($F8=0,0,MN8/$F8)) | MQ8: =IF(OR($G8="",MP8=""),"",IF($G8=0,0,MP8/$G8)) | MS8: =IF(OR($F8="",MR8=""),"",IF($F8=0,0,MR8/$F8)) | MU8: =IF(OR($G8="",MT8=""),"",IF($G8=0,0,MT8/$G8)) | MW8: =IF(OR($F8="",MV8=""),"",IF($F8=0,0,MV8/$F8)) | MY8: =IF(OR($G8="",MX8=""),"",IF($G8=0,0,MX8/$G8)) | NA8: =IF(OR($F8="",MZ8=""),"",IF($F8=0,0,MZ8/$F8)) | NC8: =IF(OR($G8="",NB8=""),"",IF($G8=0,0,NB8/$G8)) | NE8: =IF(OR($F8="",ND8=""),"",IF($F8=0,0,ND8/$F8)) | NG8: =IF(OR($G8="",NF8=""),"",IF($G8=0,0,NF8/$G8)) | NI8: =IF(OR($F8="",NH8=""),"",IF($F8=0,0,NH8/$F8)) | NK8: =IF(OR($G8="",NJ8=""),"",IF($G8=0,0,NJ8/$G8)) | NM8: =IF(OR($F8="",NL8=""),"",IF($F8=0,0,NL8/$F8)) | NO8: =IF(OR($G8="",NN8=""),"",IF($G8=0,0,NN8/$G8)) | NQ8: =IF(OR($F8="",NP8=""),"",IF($F8=0,0,NP8/$F8)) | NS8: =IF(OR($G8="",NR8=""),"",IF($G8=0,0,NR8/$G8)) | NU8: =IF(OR($F8="",NT8=""),"",IF($F8=0,0,NT8/$F8)) | NW8: =IF(OR($G8="",NV8=""),"",IF($G8=0,0,NV8/$G8))
A9: 4 | B9: وثيلان وعشيران | C9: الثانوية | D9: m3917315 | E9: بنين | F9: 16 | G9: 97 | H9: 15 | I9: =IF(OR($F9="",H9=""),"",IF($F9=0,0,H9/$F9)) -> 0.9375 | J9: 9 | K9: =IF(OR($G9="",J9=""),"",IF($G9=0,0,J9/$G9)) -> 0.092783505 | L9: 15 | M9: =IF(OR($F9="",L9=""),"",IF($F9=0,0,L9/$F9)) -> 0.9375 | N9: 9 | O9: 0.093 | P9: 15 | Q9: =IF(OR($F9="",P9=""),"",IF($F9=0,0,P9/$F9)) -> 0.9375 | R9: 12 | S9: =IF(OR($G9="",R9=""),"",IF($G9=0,0,R9/$G9)) -> 0.12371134 | T9: 15 | U9: =IF(OR($F9="",T9=""),"",IF($F9=0,0,T9/$F9)) -> 0.9375 | V9: 14 | W9: =IF(OR($G9="",V9=""),"",IF($G9=0,0,V9/$G9)) -> 0.1443299 | X9: 15 | Y9: =IF(OR($F9="",X9=""),"",IF($F9=0,0,X9/$F9)) -> 0.9375 | Z9: 14 | AA9: =IF(OR($G9="",Z9=""),"",IF($G9=0,0,Z9/$G9)) -> 0.1443299 | AB9: 15 | AC9: =IF(OR($F9="",AB9=""),"",IF($F9=0,0,AB9/$F9)) -> 0.9375 | AD9: 17 | AE9: =IF(OR($G9="",AD9=""),"",IF($G9=0,0,AD9/$G9)) -> 0.17525773 | AF9: 15 | AG9: =IF(OR($F9="",AF9=""),"",IF($F9=0,0,AF9/$F9)) -> 0.9375 | AH9: 19 | AI9: =IF(OR($G9="",AH9=""),"",IF($G9=0,0,AH9/$G9)) -> 0.19587629 | AJ9: 15 | AK9: =IF(OR($F9="",AJ9=""),"",IF($F9=0,0,AJ9/$F9)) -> 0.9375 | AL9: 25 | AM9: =IF(OR($G9="",AL9=""),"",IF($G9=0,0,AL9/$G9)) -> 0.25773196 | AN9: 15 | AO9: =IF(OR($F9="",AN9=""),"",IF($F9=0,0,AN9/$F9)) -> 0.9375 | AP9: 33 | AQ9: =IF(OR($G9="",AP9=""),"",IF($G9=0,0,AP9/$G9)) -> 0.34020619 | AR9: 15 | AS9: =IF(OR($F9="",AR9=""),"",IF($F9=0,0,AR9/$F9)) -> 0.9375 | AT9: 35 | AU9: =IF(OR($G9="",AT9=""),"",IF($G9=0,0,AT9/$G9)) -> 0.36082474 | AV9: 16 | AW9: =IF(OR($F9="",AV9=""),"",IF($F9=0,0,AV9/$F9)) -> 1 | AX9: 51 | AY9: =IF(OR($G9="",AX9=""),"",IF($G9=0,0,AX9/$G9)) -> 0.5257732 | AZ9: 16 | BA9: =IF(OR($F9="",AZ9=""),"",IF($F9=0,0,AZ9/$F9)) -> 1 | BB9: 56 | BC9: =IF(OR($G9="",BB9=""),"",IF($G9=0,0,BB9/$G9)) -> 0.57731959 | BD9: 13 | BE9: =IF(OR($F9="",BD9=""),"",IF($F9=0,0,BD9/$F9)) -> 0.8125 | BF9: 57 | BG9: =IF(OR($G9="",BF9=""),"",IF($G9=0,0,BF9/$G9)) -> 0.58762887 | BH9: 14 | BI9: =IF(OR($F9="",BH9=""),"",IF($F9=0,0,BH9/$F9)) -> 0.875 | BJ9: 57 | BK9: =IF(OR($G9="",BJ9=""),"",IF($G9=0,0,BJ9/$G9)) -> 0.58762887 | BL9: 16 | BM9: =IF(OR($F9="",BL9=""),"",IF($F9=0,0,BL9/$F9)) -> 1 | BN9: 57 | BO9: =IF(OR($G9="",BN9=""),"",IF($G9=0,0,BN9/$G9)) -> 0.58762887 | BP9: 16 | BQ9: =IF(OR($F9="",BP9=""),"",IF($F9=0,0,BP9/$F9)) -> 1 | BR9: 65 | BS9: =IF(OR($G9="",BR9=""),"",IF($G9=0,0,BR9/$G9)) -> 0.67010309 | BT9: 16 | BU9: =IF(OR($F9="",BT9=""),"",IF($F9=0,0,BT9/$F9)) -> 1 | BV9: 70 | BW9: =IF(OR($G9="",BV9=""),"",IF($G9=0,0,BV9/$G9)) -> 0.72164948 | BX9: 16 | BY9: =IF(OR($F9="",BX9=""),"",IF($F9=0,0,BX9/$F9)) -> 1 | BZ9: 72 | CA9: =IF(OR($G9="",BZ9=""),"",IF($G9=0,0,BZ9/$G9)) -> 0.74226804 | CB9: 16 | CC9: =IF(OR($F9="",CB9=""),"",IF($F9=0,0,CB9/$F9)) -> 1 | CD9: 96 | CE9: =IF(OR($G9="",CD9=""),"",IF($G9=0,0,CD9/$G9)) -> 0.98969072 | CF9: 16 | CG9: =IF(OR($F9="",CF9=""),"",IF($F9=0,0,CF9/$F9)) -> 1 | CH9: 96 | CI9: =IF(OR($G9="",CH9=""),"",IF($G9=0,0,CH9/$G9)) -> 0.98969072 | CJ9: 16 | CK9: =IF(OR($F9="",CJ9=""),"",IF($F9=0,0,CJ9/$F9)) -> 1 | CL9: 96 | CM9: =IF(OR($G9="",CL9=""),"",IF($G9=0,0,CL9/$G9)) -> 0.98969072 | CN9: 16 | CO9: =IF(OR($F9="",CN9=""),"",IF($F9=0,0,CN9/$F9)) -> 1 | CP9: 96 | CQ9: =IF(OR($G9="",CP9=""),"",IF($G9=0,0,CP9/$G9)) -> 0.98969072 | CR9: 16 | CS9: =IF(OR($F9="",CR9=""),"",IF($F9=0,0,CR9/$F9)) -> 1 | CT9: 96 | CU9: =IF(OR($G9="",CT9=""),"",IF($G9=0,0,CT9/$G9)) -> 0.98969072 | CW9: =IF(OR($F9="",CV9=""),"",IF($F9=0,0,CV9/$F9)) | CY9: =IF(OR($G9="",CX9=""),"",IF($G9=0,0,CX9/$G9)) | DA9: =IF(OR($F9="",CZ9=""),"",IF($F9=0,0,CZ9/$F9)) | DC9: =IF(OR($G9="",DB9=""),"",IF($G9=0,0,DB9/$G9)) | DD9: 16 | DE9: =IF(OR($F9="",DD9=""),"",IF($F9=0,0,DD9/$F9)) -> 1 | DF9: 97 | DG9: =IF(OR($G9="",DF9=""),"",IF($G9=0,0,DF9/$G9)) -> 1 | DH9: 16 | DI9: =IF(OR($F9="",DH9=""),"",IF($F9=0,0,DH9/$F9)) -> 1 | DJ9: 97 | DK9: =IF(OR($G9="",DJ9=""),"",IF($G9=0,0,DJ9/$G9)) -> 1 | DL9: 16 | DM9: =IF(OR($F9="",DL9=""),"",IF($F9=0,0,DL9/$F9)) -> 1 | DN9: 97 | DO9: =IF(OR($G9="",DN9=""),"",IF($G9=0,0,DN9/$G9)) -> 1 | DP9: 16 | DQ9: =IF(OR($F9="",DP9=""),"",IF($F9=0,0,DP9/$F9)) -> 1 | DR9: 97 | DS9: =IF(OR($G9="",DR9=""),"",IF($G9=0,0,DR9/$G9)) -> 1 | DT9: 16 | DU9: =IF(OR($F9="",DT9=""),"",IF($F9=0,0,DT9/$F9)) -> 1 | DV9: 97 | DW9: =IF(OR($G9="",DV9=""),"",IF($G9=0,0,DV9/$G9)) -> 1 | DX9: 16 | DY9: =IF(OR($F9="",DX9=""),"",IF($F9=0,0,DX9/$F9)) -> 1 | DZ9: 97 | EA9: =IF(OR($G9="",DZ9=""),"",IF($G9=0,0,DZ9/$G9)) -> 1 | EB9: 16 | EC9: =IF(OR($F9="",EB9=""),"",IF($F9=0,0,EB9/$F9)) -> 1 | ED9: 97 | EE9: =IF(OR($G9="",ED9=""),"",IF($G9=0,0,ED9/$G9)) -> 1 | EF9: 16 | EG9: =IF(OR($F9="",EF9=""),"",IF($F9=0,0,EF9/$F9)) -> 1 | EH9: 97 | EI9: =IF(OR($G9="",EH9=""),"",IF($G9=0,0,EH9/$G9)) -> 1 | EJ9: 16 | EK9: =IF(OR($F9="",EJ9=""),"",IF($F9=0,0,EJ9/$F9)) -> 1 | EL9: 97 | EM9: =IF(OR($G9="",EL9=""),"",IF($G9=0,0,EL9/$G9)) -> 1 | EN9: 16 | EO9: =IF(OR($F9="",EN9=""),"",IF($F9=0,0,EN9/$F9)) -> 1 | EP9: 97 | EQ9: =IF(OR($G9="",EP9=""),"",IF($G9=0,0,EP9/$G9)) -> 1 | ER9: 16 | ES9: =IF(OR($F9="",ER9=""),"",IF($F9=0,0,ER9/$F9)) -> 1 | ET9: 97 | EU9: =IF(OR($G9="",ET9=""),"",IF($G9=0,0,ET9/$G9)) -> 1 | EV9: 16 | EW9: =IF(OR($F9="",EV9=""),"",IF($F9=0,0,EV9/$F9)) -> 1 | EX9: 97 | EY9: =IF(OR($G9="",EX9=""),"",IF($G9=0,0,EX9/$G9)) -> 1 | EZ9: 16 | FA9: =IF(OR($F9="",EZ9=""),"",IF($F9=0,0,EZ9/$F9)) -> 1 | FB9: 97 | FC9: =IF(OR($G9="",FB9=""),"",IF($G9=0,0,FB9/$G9)) -> 1 | FD9: 16 | FE9: =IF(OR($F9="",FD9=""),"",IF($F9=0,0,FD9/$F9)) -> 1 | FF9: 97 | FG9: =IF(OR($G9="",FF9=""),"",IF($G9=0,0,FF9/$G9)) -> 1 | FH9: 16 | FI9: =IF(OR($F9="",FH9=""),"",IF($F9=0,0,FH9/$F9)) -> 1 | FJ9: 97 | FK9: =IF(OR($G9="",FJ9=""),"",IF($G9=0,0,FJ9/$G9)) -> 1 | FL9: 16 | FM9: =IF(OR($F9="",FL9=""),"",IF($F9=0,0,FL9/$F9)) -> 1 | FO9: =IF(OR($G9="",FN9=""),"",IF($G9=0,0,FN9/$G9)) | FQ9: =IF(OR($F9="",FP9=""),"",IF($F9=0,0,FP9/$F9)) | FS9: =IF(OR($G9="",FR9=""),"",IF($G9=0,0,FR9/$G9)) | FU9: =IF(OR($F9="",FT9=""),"",IF($F9=0,0,FT9/$F9)) | FW9: =IF(OR($G9="",FV9=""),"",IF($G9=0,0,FV9/$G9)) | FY9: =IF(OR($F9="",FX9=""),"",IF($F9=0,0,FX9/$F9)) | GA9: =IF(OR($G9="",FZ9=""),"",IF($G9=0,0,FZ9/$G9)) | GC9: =IF(OR($F9="",GB9=""),"",IF($F9=0,0,GB9/$F9)) | GE9: =IF(OR($G9="",GD9=""),"",IF($G9=0,0,GD9/$G9)) | GG9: =IF(OR($F9="",GF9=""),"",IF($F9=0,0,GF9/$F9)) | GI9: =IF(OR($G9="",GH9=""),"",IF($G9=0,0,GH9/$G9)) | GK9: =IF(OR($F9="",GJ9=""),"",IF($F9=0,0,GJ9/$F9)) | GM9: =IF(OR($G9="",GL9=""),"",IF($G9=0,0,GL9/$G9)) | GO9: =IF(OR($F9="",GN9=""),"",IF($F9=0,0,GN9/$F9)) | GQ9: =IF(OR($G9="",GP9=""),"",IF($G9=0,0,GP9/$G9)) | GS9: =IF(OR($F9="",GR9=""),"",IF($F9=0,0,GR9/$F9)) | GU9: =IF(OR($G9="",GT9=""),"",IF($G9=0,0,GT9/$G9)) | GW9: =IF(OR($F9="",GV9=""),"",IF($F9=0,0,GV9/$F9)) | GY9: =IF(OR($G9="",GX9=""),"",IF($G9=0,0,GX9/$G9)) | HA9: =IF(OR($F9="",GZ9=""),"",IF($F9=0,0,GZ9/$F9)) | HC9: =IF(OR($G9="",HB9=""),"",IF($G9=0,0,HB9/$G9)) | HE9: =IF(OR($F9="",HD9=""),"",IF($F9=0,0,HD9/$F9)) | HG9: =IF(OR($G9="",HF9=""),"",IF($G9=0,0,HF9/$G9)) | HI9: =IF(OR($F9="",HH9=""),"",IF($F9=0,0,HH9/$F9)) | HK9: =IF(OR($G9="",HJ9=""),"",IF($G9=0,0,HJ9/$G9)) | HM9: =IF(OR($F9="",HL9=""),"",IF($F9=0,0,HL9/$F9)) | HO9: =IF(OR($G9="",HN9=""),"",IF($G9=0,0,HN9/$G9)) | HQ9: =IF(OR($F9="",HP9=""),"",IF($F9=0,0,HP9/$F9)) | HS9: =IF(OR($G9="",HR9=""),"",IF($G9=0,0,HR9/$G9)) | HU9: =IF(OR($F9="",HT9=""),"",IF($F9=0,0,HT9/$F9)) | HW9: =IF(OR($G9="",HV9=""),"",IF($G9=0,0,HV9/$G9)) | HY9: =IF(OR($F9="",HX9=""),"",IF($F9=0,0,HX9/$F9)) | IA9: =IF(OR($G9="",HZ9=""),"",IF($G9=0,0,HZ9/$G9)) | IC9: =IF(OR($F9="",IB9=""),"",IF($F9=0,0,IB9/$F9)) | IE9: =IF(OR($G9="",ID9=""),"",IF($G9=0,0,ID9/$G9)) | IG9: =IF(OR($F9="",IF9=""),"",IF($F9=0,0,IF9/$F9)) | II9: =IF(OR($G9="",IH9=""),"",IF($G9=0,0,IH9/$G9)) | IK9: =IF(OR($F9="",IJ9=""),"",IF($F9=0,0,IJ9/$F9)) | IM9: =IF(OR($G9="",IL9=""),"",IF($G9=0,0,IL9/$G9)) | IO9: =IF(OR($F9="",IN9=""),"",IF($F9=0,0,IN9/$F9)) | IQ9: =IF(OR($G9="",IP9=""),"",IF($G9=0,0,IP9/$G9)) | IS9: =IF(OR($F9="",IR9=""),"",IF($F9=0,0,IR9/$F9)) | IU9: =IF(OR($G9="",IT9=""),"",IF($G9=0,0,IT9/$G9)) | IW9: =IF(OR($F9="",IV9=""),"",IF($F9=0,0,IV9/$F9)) | IY9: =IF(OR($G9="",IX9=""),"",IF($G9=0,0,IX9/$G9)) | JA9: =IF(OR($F9="",IZ9=""),"",IF($F9=0,0,IZ9/$F9)) | JC9: =IF(OR($G9="",JB9=""),"",IF($G9=0,0,JB9/$G9)) | JE9: =IF(OR($F9="",JD9=""),"",IF($F9=0,0,JD9/$F9)) | JG9: =IF(OR($G9="",JF9=""),"",IF($G9=0,0,JF9/$G9)) | JI9: =IF(OR($F9="",JH9=""),"",IF($F9=0,0,JH9/$F9)) | JK9: =IF(OR($G9="",JJ9=""),"",IF($G9=0,0,JJ9/$G9)) | JM9: =IF(OR($F9="",JL9=""),"",IF($F9=0,0,JL9/$F9)) | JO9: =IF(OR($G9="",JN9=""),"",IF($G9=0,0,JN9/$G9)) | JQ9: =IF(OR($F9="",JP9=""),"",IF($F9=0,0,JP9/$F9)) | JS9: =IF(OR($G9="",JR9=""),"",IF($G9=0,0,JR9/$G9)) | JU9: =IF(OR($F9="",JT9=""),"",IF($F9=0,0,JT9/$F9)) | JW9: =IF(OR($G9="",JV9=""),"",IF($G9=0,0,JV9/$G9)) | JY9: =IF(OR($F9="",JX9=""),"",IF($F9=0,0,JX9/$F9)) | KA9: =IF(OR($G9="",JZ9=""),"",IF($G9=0,0,JZ9/$G9)) | KC9: =IF(OR($F9="",KB9=""),"",IF($F9=0,0,KB9/$F9)) | KE9: =IF(OR($G9="",KD9=""),"",IF($G9=0,0,KD9/$G9)) | KG9: =IF(OR($F9="",KF9=""),"",IF($F9=0,0,KF9/$F9)) | KI9: =IF(OR($G9="",KH9=""),"",IF($G9=0,0,KH9/$G9)) | KK9: =IF(OR($F9="",KJ9=""),"",IF($F9=0,0,KJ9/$F9)) | KM9: =IF(OR($G9="",KL9=""),"",IF($G9=0,0,KL9/$G9)) | KO9: =IF(OR($F9="",KN9=""),"",IF($F9=0,0,KN9/$F9)) | KQ9: =IF(OR($G9="",KP9=""),"",IF($G9=0,0,KP9/$G9)) | KS9: =IF(OR($F9="",KR9=""),"",IF($F9=0,0,KR9/$F9)) | KU9: =IF(OR($G9="",KT9=""),"",IF($G9=0,0,KT9/$G9)) | KW9: =IF(OR($F9="",KV9=""),"",IF($F9=0,0,KV9/$F9)) | KY9: =IF(OR($G9="",KX9=""),"",IF($G9=0,0,KX9/$G9)) | LA9: =IF(OR($F9="",KZ9=""),"",IF($F9=0,0,KZ9/$F9)) | LC9: =IF(OR($G9="",LB9=""),"",IF($G9=0,0,LB9/$G9)) | LE9: =IF(OR($F9="",LD9=""),"",IF($F9=0,0,LD9/$F9)) | LG9: =IF(OR($G9="",LF9=""),"",IF($G9=0,0,LF9/$G9)) | LI9: =IF(OR($F9="",LH9=""),"",IF($F9=0,0,LH9/$F9)) | LK9: =IF(OR($G9="",LJ9=""),"",IF($G9=0,0,LJ9/$G9)) | LM9: =IF(OR($F9="",LL9=""),"",IF($F9=0,0,LL9/$F9)) | LO9: =IF(OR($G9="",LN9=""),"",IF($G9=0,0,LN9/$G9)) | LQ9: =IF(OR($F9="",LP9=""),"",IF($F9=0,0,LP9/$F9)) | LS9: =IF(OR($G9="",LR9=""),"",IF($G9=0,0,LR9/$G9)) | LU9: =IF(OR($F9="",LT9=""),"",IF($F9=0,0,LT9/$F9)) | LW9: =IF(OR($G9="",LV9=""),"",IF($G9=0,0,LV9/$G9)) | LY9: =IF(OR($F9="",LX9=""),"",IF($F9=0,0,LX9/$F9)) | MA9: =IF(OR($G9="",LZ9=""),"",IF($G9=0,0,LZ9/$G9)) | MC9: =IF(OR($F9="",MB9=""),"",IF($F9=0,0,MB9/$F9)) | ME9: =IF(OR($G9="",MD9=""),"",IF($G9=0,0,MD9/$G9)) | MG9: =IF(OR($F9="",MF9=""),"",IF($F9=0,0,MF9/$F9)) | MI9: =IF(OR($G9="",MH9=""),"",IF($G9=0,0,MH9/$G9)) | MK9: =IF(OR($F9="",MJ9=""),"",IF($F9=0,0,MJ9/$F9)) | MM9: =IF(OR($G9="",ML9=""),"",IF($G9=0,0,ML9/$G9)) | MO9: =IF(OR($F9="",MN9=""),"",IF($F9=0,0,MN9/$F9)) | MQ9: =IF(OR($G9="",MP9=""),"",IF($G9=0,0,MP9/$G9)) | MS9: =IF(OR($F9="",MR9=""),"",IF($F9=0,0,MR9/$F9)) | MU9: =IF(OR($G9="",MT9=""),"",IF($G9=0,0,MT9/$G9)) | MW9: =IF(OR($F9="",MV9=""),"",IF($F9=0,0,MV9/$F9)) | MY9: =IF(OR($G9="",MX9=""),"",IF($G9=0,0,MX9/$G9)) | NA9: =IF(OR($F9="",MZ9=""),"",IF($F9=0,0,MZ9/$F9)) | NC9: =IF(OR($G9="",NB9=""),"",IF($G9=0,0,NB9/$G9)) | NE9: =IF(OR($F9="",ND9=""),"",IF($F9=0,0,ND9/$F9)) | NG9: =IF(OR($G9="",NF9=""),"",IF($G9=0,0,NF9/$G9)) | NI9: =IF(OR($F9="",NH9=""),"",IF($F9=0,0,NH9/$F9)) | NK9: =IF(OR($G9="",NJ9=""),"",IF($G9=0,0,NJ9/$G9)) | NM9: =IF(OR($F9="",NL9=""),"",IF($F9=0,0,NL9/$F9)) | NO9: =IF(OR($G9="",NN9=""),"",IF($G9=0,0,NN9/$G9)) | NQ9: =IF(OR($F9="",NP9=""),"",IF($F9=0,0,NP9/$F9)) | NS9: =IF(OR($G9="",NR9=""),"",IF($G9=0,0,NR9/$G9)) | NU9: =IF(OR($F9="",NT9=""),"",IF($F9=0,0,NT9/$F9)) | NW9: =IF(OR($G9="",NV9=""),"",IF($G9=0,0,NV9/$G9))
A10: 5 | B10: وثيلان وعشيران | C10: المتوسطة | D10: 17276 | E10: بنين | F10: 14 | G10: 50 | H10: 14 | I10: =IF(OR($F10="",H10=""),"",IF($F10=0,0,H10/$F10)) -> 1 | J10: 9 | K10: =IF(OR($G10="",J10=""),"",IF($G10=0,0,J10/$G10)) -> 0.18 | L10: 14 | M10: =IF(OR($F10="",L10=""),"",IF($F10=0,0,L10/$F10)) -> 1 | N10: 9 | O10: =IF(OR($G10="",N10=""),"",IF($G10=0,0,N10/$G10)) -> 0.18 | P10: 14 | Q10: =IF(OR($F10="",P10=""),"",IF($F10=0,0,P10/$F10)) -> 1 | R10: 11 | S10: =IF(OR($G10="",R10=""),"",IF($G10=0,0,R10/$G10)) -> 0.22 | T10: 14 | U10: =IF(OR($F10="",T10=""),"",IF($F10=0,0,T10/$F10)) -> 1 | V10: 17 | W10: =IF(OR($G10="",V10=""),"",IF($G10=0,0,V10/$G10)) -> 0.34 | X10: 14 | Y10: =IF(OR($F10="",X10=""),"",IF($F10=0,0,X10/$F10)) -> 1 | Z10: 18 | AA10: 0.36 | AB10: 14 | AC10: =IF(OR($F10="",AB10=""),"",IF($F10=0,0,AB10/$F10)) -> 1 | AD10: 18 | AE10: =IF(OR($G10="",AD10=""),"",IF($G10=0,0,AD10/$G10)) -> 0.36 | AF10: 14 | AG10: =IF(OR($F10="",AF10=""),"",IF($F10=0,0,AF10/$F10)) -> 1 | AH10: 21 | AI10: =IF(OR($G10="",AH10=""),"",IF($G10=0,0,AH10/$G10)) -> 0.42 | AJ10: 14 | AK10: =IF(OR($F10="",AJ10=""),"",IF($F10=0,0,AJ10/$F10)) -> 1 | AL10: 23 | AM10: =IF(OR($G10="",AL10=""),"",IF($G10=0,0,AL10/$G10)) -> 0.46 | AN10: 14 | AO10: =IF(OR($F10="",AN10=""),"",IF($F10=0,0,AN10/$F10)) -> 1 | AP10: 23 | AQ10: =IF(OR($G10="",AP10=""),"",IF($G10=0,0,AP10/$G10)) -> 0.46 | AR10: 14 | AS10: =IF(OR($F10="",AR10=""),"",IF($F10=0,0,AR10/$F10)) -> 1 | AT10: 25 | AU10: =IF(OR($G10="",AT10=""),"",IF($G10=0,0,AT10/$G10)) -> 0.5 | AV10: 14 | AW10: =IF(OR($F10="",AV10=""),"",IF($F10=0,0,AV10/$F10)) -> 1 | AX10: 35 | AY10: =IF(OR($G10="",AX10=""),"",IF($G10=0,0,AX10/$G10)) -> 0.7 | AZ10: 14 | BA10: =IF(OR($F10="",AZ10=""),"",IF($F10=0,0,AZ10/$F10)) -> 1 | BB10: 36 | BC10: =IF(OR($G10="",BB10=""),"",IF($G10=0,0,BB10/$G10)) -> 0.72 | BD10: 14 | BE10: =IF(OR($F10="",BD10=""),"",IF($F10=0,0,BD10/$F10)) -> 1 | BF10: 36 | BG10: =IF(OR($G10="",BF10=""),"",IF($G10=0,0,BF10/$G10)) -> 0.72 | BH10: 14 | BI10: =IF(OR($F10="",BH10=""),"",IF($F10=0,0,BH10/$F10)) -> 1 | BJ10: 40 | BK10: =IF(OR($G10="",BJ10=""),"",IF($G10=0,0,BJ10/$G10)) -> 0.8 | BL10: 14 | BM10: =IF(OR($F10="",BL10=""),"",IF($F10=0,0,BL10/$F10)) -> 1 | BN10: 43 | BO10: =IF(OR($G10="",BN10=""),"",IF($G10=0,0,BN10/$G10)) -> 0.86 | BP10: 14 | BQ10: =IF(OR($F10="",BP10=""),"",IF($F10=0,0,BP10/$F10)) -> 1 | BR10: 47 | BS10: =IF(OR($G10="",BR10=""),"",IF($G10=0,0,BR10/$G10)) -> 0.94 | BT10: 14 | BU10: =IF(OR($F10="",BT10=""),"",IF($F10=0,0,BT10/$F10)) -> 1 | BV10: 48 | BW10: =IF(OR($G10="",BV10=""),"",IF($G10=0,0,BV10/$G10)) -> 0.96 | BX10: 14 | BY10: =IF(OR($F10="",BX10=""),"",IF($F10=0,0,BX10/$F10)) -> 1 | BZ10: 49 | CA10: =IF(OR($G10="",BZ10=""),"",IF($G10=0,0,BZ10/$G10)) -> 0.98 | CB10: 14 | CC10: =IF(OR($F10="",CB10=""),"",IF($F10=0,0,CB10/$F10)) -> 1 | CD10: 49 | CE10: =IF(OR($G10="",CD10=""),"",IF($G10=0,0,CD10/$G10)) -> 0.98 | CF10: 14 | CG10: =IF(OR($F10="",CF10=""),"",IF($F10=0,0,CF10/$F10)) -> 1 | CH10: 49 | CI10: =IF(OR($G10="",CH10=""),"",IF($G10=0,0,CH10/$G10)) -> 0.98 | CJ10: 14 | CK10: =IF(OR($F10="",CJ10=""),"",IF($F10=0,0,CJ10/$F10)) -> 1 | CL10: 49 | CM10: =IF(OR($G10="",CL10=""),"",IF($G10=0,0,CL10/$G10)) -> 0.98 | CN10: 14 | CO10: =IF(OR($F10="",CN10=""),"",IF($F10=0,0,CN10/$F10)) -> 1 | CP10: 50 | CQ10: =IF(OR($G10="",CP10=""),"",IF($G10=0,0,CP10/$G10)) -> 1 | CR10: 14 | CS10: =IF(OR($F10="",CR10=""),"",IF($F10=0,0,CR10/$F10)) -> 1 | CT10: 50 | CU10: =IF(OR($G10="",CT10=""),"",IF($G10=0,0,CT10/$G10)) -> 1 | CW10: =IF(OR($F10="",CV10=""),"",IF($F10=0,0,CV10/$F10)) | CY10: =IF(OR($G10="",CX10=""),"",IF($G10=0,0,CX10/$G10)) | DA10: =IF(OR($F10="",CZ10=""),"",IF($F10=0,0,CZ10/$F10)) | DC10: =IF(OR($G10="",DB10=""),"",IF($G10=0,0,DB10/$G10)) | DD10: 14 | DE10: =IF(OR($F10="",DD10=""),"",IF($F10=0,0,DD10/$F10)) -> 1 | DF10: 50 | DG10: =IF(OR($G10="",DF10=""),"",IF($G10=0,0,DF10/$G10)) -> 1 | DH10: 14 | DI10: =IF(OR($F10="",DH10=""),"",IF($F10=0,0,DH10/$F10)) -> 1 | DJ10: 50 | DK10: =IF(OR($G10="",DJ10=""),"",IF($G10=0,0,DJ10/$G10)) -> 1 | DL10: 14 | DM10: =IF(OR($F10="",DL10=""),"",IF($F10=0,0,DL10/$F10)) -> 1 | DN10: 50 | DO10: =IF(OR($G10="",DN10=""),"",IF($G10=0,0,DN10/$G10)) -> 1 | DP10: 14 | DQ10: =IF(OR($F10="",DP10=""),"",IF($F10=0,0,DP10/$F10)) -> 1 | DR10: 50 | DS10: =IF(OR($G10="",DR10=""),"",IF($G10=0,0,DR10/$G10)) -> 1 | DT10: 14 | DU10: =IF(OR($F10="",DT10=""),"",IF($F10=0,0,DT10/$F10)) -> 1 | DV10: 50 | DW10: =IF(OR($G10="",DV10=""),"",IF($G10=0,0,DV10/$G10)) -> 1 | DX10: 14 | DY10: =IF(OR($F10="",DX10=""),"",IF($F10=0,0,DX10/$F10)) -> 1 | DZ10: 50 | EA10: =IF(OR($G10="",DZ10=""),"",IF($G10=0,0,DZ10/$G10)) -> 1 | EB10: 14 | EC10: =IF(OR($F10="",EB10=""),"",IF($F10=0,0,EB10/$F10)) -> 1 | ED10: 50 | EE10: =IF(OR($G10="",ED10=""),"",IF($G10=0,0,ED10/$G10)) -> 1 | EF10: 14 | EG10: =IF(OR($F10="",EF10=""),"",IF($F10=0,0,EF10/$F10)) -> 1 | EH10: 50 | EI10: =IF(OR($G10="",EH10=""),"",IF($G10=0,0,EH10/$G10)) -> 1 | EJ10: 14 | EK10: =IF(OR($F10="",EJ10=""),"",IF($F10=0,0,EJ10/$F10)) -> 1 | EL10: 50 | EM10: =IF(OR($G10="",EL10=""),"",IF($G10=0,0,EL10/$G10)) -> 1 | EN10: 14 | EO10: =IF(OR($F10="",EN10=""),"",IF($F10=0,0,EN10/$F10)) -> 1 | EP10: 50 | EQ10: =IF(OR($G10="",EP10=""),"",IF($G10=0,0,EP10/$G10)) -> 1 | ER10: 14 | ES10: =IF(OR($F10="",ER10=""),"",IF($F10=0,0,ER10/$F10)) -> 1 | ET10: 50 | EU10: =IF(OR($G10="",ET10=""),"",IF($G10=0,0,ET10/$G10)) -> 1 | EV10: 14 | EW10: =IF(OR($F10="",EV10=""),"",IF($F10=0,0,EV10/$F10)) -> 1 | EX10: 50 | EY10: =IF(OR($G10="",EX10=""),"",IF($G10=0,0,EX10/$G10)) -> 1 | EZ10: 14 | FA10: =IF(OR($F10="",EZ10=""),"",IF($F10=0,0,EZ10/$F10)) -> 1 | FB10: 50 | FC10: =IF(OR($G10="",FB10=""),"",IF($G10=0,0,FB10/$G10)) -> 1 | FD10: 14 | FE10: =IF(OR($F10="",FD10=""),"",IF($F10=0,0,FD10/$F10)) -> 1 | FF10: 50 | FG10: =IF(OR($G10="",FF10=""),"",IF($G10=0,0,FF10/$G10)) -> 1 | FH10: 14 | FI10: =IF(OR($F10="",FH10=""),"",IF($F10=0,0,FH10/$F10)) -> 1 | FJ10: 50 | FK10: =IF(OR($G10="",FJ10=""),"",IF($G10=0,0,FJ10/$G10)) -> 1 | FL10: 14 | FM10: =IF(OR($F10="",FL10=""),"",IF($F10=0,0,FL10/$F10)) -> 1 | FO10: =IF(OR($G10="",FN10=""),"",IF($G10=0,0,FN10/$G10)) | FQ10: =IF(OR($F10="",FP10=""),"",IF($F10=0,0,FP10/$F10)) | FS10: =IF(OR($G10="",FR10=""),"",IF($G10=0,0,FR10/$G10)) | FU10: =IF(OR($F10="",FT10=""),"",IF($F10=0,0,FT10/$F10)) | FW10: =IF(OR($G10="",FV10=""),"",IF($G10=0,0,FV10/$G10)) | FY10: =IF(OR($F10="",FX10=""),"",IF($F10=0,0,FX10/$F10)) | GA10: =IF(OR($G10="",FZ10=""),"",IF($G10=0,0,FZ10/$G10)) | GC10: =IF(OR($F10="",GB10=""),"",IF($F10=0,0,GB10/$F10)) | GE10: =IF(OR($G10="",GD10=""),"",IF($G10=0,0,GD10/$G10)) | GG10: =IF(OR($F10="",GF10=""),"",IF($F10=0,0,GF10/$F10)) | GI10: =IF(OR($G10="",GH10=""),"",IF($G10=0,0,GH10/$G10)) | GK10: =IF(OR($F10="",GJ10=""),"",IF($F10=0,0,GJ10/$F10)) | GM10: =IF(OR($G10="",GL10=""),"",IF($G10=0,0,GL10/$G10)) | GO10: =IF(OR($F10="",GN10=""),"",IF($F10=0,0,GN10/$F10)) | GQ10: =IF(OR($G10="",GP10=""),"",IF($G10=0,0,GP10/$G10)) | GS10: =IF(OR($F10="",GR10=""),"",IF($F10=0,0,GR10/$F10)) | GU10: =IF(OR($G10="",GT10=""),"",IF($G10=0,0,GT10/$G10)) | GW10: =IF(OR($F10="",GV10=""),"",IF($F10=0,0,GV10/$F10)) | GY10: =IF(OR($G10="",GX10=""),"",IF($G10=0,0,GX10/$G10)) | HA10: =IF(OR($F10="",GZ10=""),"",IF($F10=0,0,GZ10/$F10)) | HC10: =IF(OR($G10="",HB10=""),"",IF($G10=0,0,HB10/$G10)) | HE10: =IF(OR($F10="",HD10=""),"",IF($F10=0,0,HD10/$F10)) | HG10: =IF(OR($G10="",HF10=""),"",IF($G10=0,0,HF10/$G10)) | HI10: =IF(OR($F10="",HH10=""),"",IF($F10=0,0,HH10/$F10)) | HK10: =IF(OR($G10="",HJ10=""),"",IF($G10=0,0,HJ10/$G10)) | HM10: =IF(OR($F10="",HL10=""),"",IF($F10=0,0,HL10/$F10)) | HO10: =IF(OR($G10="",HN10=""),"",IF($G10=0,0,HN10/$G10)) | HQ10: =IF(OR($F10="",HP10=""),"",IF($F10=0,0,HP10/$F10)) | HS10: =IF(OR($G10="",HR10=""),"",IF($G10=0,0,HR10/$G10)) | HU10: =IF(OR($F10="",HT10=""),"",IF($F10=0,0,HT10/$F10)) | HW10: =IF(OR($G10="",HV10=""),"",IF($G10=0,0,HV10/$G10)) | HY10: =IF(OR($F10="",HX10=""),"",IF($F10=0,0,HX10/$F10)) | IA10: =IF(OR($G10="",HZ10=""),"",IF($G10=0,0,HZ10/$G10)) | IC10: =IF(OR($F10="",IB10=""),"",IF($F10=0,0,IB10/$F10)) | IE10: =IF(OR($G10="",ID10=""),"",IF($G10=0,0,ID10/$G10)) | IG10: =IF(OR($F10="",IF10=""),"",IF($F10=0,0,IF10/$F10)) | II10: =IF(OR($G10="",IH10=""),"",IF($G10=0,0,IH10/$G10)) | IK10: =IF(OR($F10="",IJ10=""),"",IF($F10=0,0,IJ10/$F10)) | IM10: =IF(OR($G10="",IL10=""),"",IF($G10=0,0,IL10/$G10)) | IO10: =IF(OR($F10="",IN10=""),"",IF($F10=0,0,IN10/$F10)) | IQ10: =IF(OR($G10="",IP10=""),"",IF($G10=0,0,IP10/$G10)) | IS10: =IF(OR($F10="",IR10=""),"",IF($F10=0,0,IR10/$F10)) | IU10: =IF(OR($G10="",IT10=""),"",IF($G10=0,0,IT10/$G10)) | IW10: =IF(OR($F10="",IV10=""),"",IF($F10=0,0,IV10/$F10)) | IY10: =IF(OR($G10="",IX10=""),"",IF($G10=0,0,IX10/$G10)) | JA10: =IF(OR($F10="",IZ10=""),"",IF($F10=0,0,IZ10/$F10)) | JC10: =IF(OR($G10="",JB10=""),"",IF($G10=0,0,JB10/$G10)) | JE10: =IF(OR($F10="",JD10=""),"",IF($F10=0,0,JD10/$F10)) | JG10: =IF(OR($G10="",JF10=""),"",IF($G10=0,0,JF10/$G10)) | JI10: =IF(OR($F10="",JH10=""),"",IF($F10=0,0,JH10/$F10)) | JK10: =IF(OR($G10="",JJ10=""),"",IF($G10=0,0,JJ10/$G10)) | JM10: =IF(OR($F10="",JL10=""),"",IF($F10=0,0,JL10/$F10)) | JO10: =IF(OR($G10="",JN10=""),"",IF($G10=0,0,JN10/$G10)) | JQ10: =IF(OR($F10="",JP10=""),"",IF($F10=0,0,JP10/$F10)) | JS10: =IF(OR($G10="",JR10=""),"",IF($G10=0,0,JR10/$G10)) | JU10: =IF(OR($F10="",JT10=""),"",IF($F10=0,0,JT10/$F10)) | JW10: =IF(OR($G10="",JV10=""),"",IF($G10=0,0,JV10/$G10)) | JY10: =IF(OR($F10="",JX10=""),"",IF($F10=0,0,JX10/$F10)) | KA10: =IF(OR($G10="",JZ10=""),"",IF($G10=0,0,JZ10/$G10)) | KC10: =IF(OR($F10="",KB10=""),"",IF($F10=0,0,KB10/$F10)) | KE10: =IF(OR($G10="",KD10=""),"",IF($G10=0,0,KD10/$G10)) | KG10: =IF(OR($F10="",KF10=""),"",IF($F10=0,0,KF10/$F10)) | KI10: =IF(OR($G10="",KH10=""),"",IF($G10=0,0,KH10/$G10)) | KK10: =IF(OR($F10="",KJ10=""),"",IF($F10=0,0,KJ10/$F10)) | KM10: =IF(OR($G10="",KL10=""),"",IF($G10=0,0,KL10/$G10)) | KO10: =IF(OR($F10="",KN10=""),"",IF($F10=0,0,KN10/$F10)) | KQ10: =IF(OR($G10="",KP10=""),"",IF($G10=0,0,KP10/$G10)) | KS10: =IF(OR($F10="",KR10=""),"",IF($F10=0,0,KR10/$F10)) | KU10: =IF(OR($G10="",KT10=""),"",IF($G10=0,0,KT10/$G10)) | KW10: =IF(OR($F10="",KV10=""),"",IF($F10=0,0,KV10/$F10)) | KY10: =IF(OR($G10="",KX10=""),"",IF($G10=0,0,KX10/$G10)) | LA10: =IF(OR($F10="",KZ10=""),"",IF($F10=0,0,KZ10/$F10)) | LC10: =IF(OR($G10="",LB10=""),"",IF($G10=0,0,LB10/$G10)) | LE10: =IF(OR($F10="",LD10=""),"",IF($F10=0,0,LD10/$F10)) | LG10: =IF(OR($G10="",LF10=""),"",IF($G10=0,0,LF10/$G10)) | LI10: =IF(OR($F10="",LH10=""),"",IF($F10=0,0,LH10/$F10)) | LK10: =IF(OR($G10="",LJ10=""),"",IF($G10=0,0,LJ10/$G10)) | LM10: =IF(OR($F10="",LL10=""),"",IF($F10=0,0,LL10/$F10)) | LO10: =IF(OR($G10="",LN10=""),"",IF($G10=0,0,LN10/$G10)) | LQ10: =IF(OR($F10="",LP10=""),"",IF($F10=0,0,LP10/$F10)) | LS10: =IF(OR($G10="",LR10=""),"",IF($G10=0,0,LR10/$G10)) | LU10: =IF(OR($F10="",LT10=""),"",IF($F10=0,0,LT10/$F10)) | LW10: =IF(OR($G10="",LV10=""),"",IF($G10=0,0,LV10/$G10)) | LY10: =IF(OR($F10="",LX10=""),"",IF($F10=0,0,LX10/$F10)) | MA10: =IF(OR($G10="",LZ10=""),"",IF($G10=0,0,LZ10/$G10)) | MC10: =IF(OR($F10="",MB10=""),"",IF($F10=0,0,MB10/$F10)) | ME10: =IF(OR($G10="",MD10=""),"",IF($G10=0,0,MD10/$G10)) | MG10: =IF(OR($F10="",MF10=""),"",IF($F10=0,0,MF10/$F10)) | MI10: =IF(OR($G10="",MH10=""),"",IF($G10=0,0,MH10/$G10)) | MK10: =IF(OR($F10="",MJ10=""),"",IF($F10=0,0,MJ10/$F10)) | MM10: =IF(OR($G10="",ML10=""),"",IF($G10=0,0,ML10/$G10)) | MO10: =IF(OR($F10="",MN10=""),"",IF($F10=0,0,MN10/$F10)) | MQ10: =IF(OR($G10="",MP10=""),"",IF($G10=0,0,MP10/$G10)) | MS10: =IF(OR($F10="",MR10=""),"",IF($F10=0,0,MR10/$F10)) | MU10: =IF(OR($G10="",MT10=""),"",IF($G10=0,0,MT10/$G10)) | MW10: =IF(OR($F10="",MV10=""),"",IF($F10=0,0,MV10/$F10)) | MY10: =IF(OR($G10="",MX10=""),"",IF($G10=0,0,MX10/$G10)) | NA10: =IF(OR($F10="",MZ10=""),"",IF($F10=0,0,MZ10/$F10)) | NC10: =IF(OR($G10="",NB10=""),"",IF($G10=0,0,NB10/$G10)) | NE10: =IF(OR($F10="",ND10=""),"",IF($F10=0,0,ND10/$F10)) | NG10: =IF(OR($G10="",NF10=""),"",IF($G10=0,0,NF10/$G10)) | NI10: =IF(OR($F10="",NH10=""),"",IF($F10=0,0,NH10/$F10)) | NK10: =IF(OR($G10="",NJ10=""),"",IF($G10=0,0,NJ10/$G10)) | NM10: =IF(OR($F10="",NL10=""),"",IF($F10=0,0,NL10/$F10)) | NO10: =IF(OR($G10="",NN10=""),"",IF($G10=0,0,NN10/$G10)) | NQ10: =IF(OR($F10="",NP10=""),"",IF($F10=0,0,NP10/$F10)) | NS10: =IF(OR($G10="",NR10=""),"",IF($G10=0,0,NR10/$G10)) | NU10: =IF(OR($F10="",NT10=""),"",IF($F10=0,0,NT10/$F10)) | NW10: =IF(OR($G10="",NV10=""),"",IF($G10=0,0,NV10/$G10))
A11: 6 | B11: وثيلان وعشيران | C11: الابتدائية | D11: 17217 | E11: بنين | F11: 18 | G11: 112 | H11: 17 | I11: =IF(OR($F11="",H11=""),"",IF($F11=0,0,H11/$F11)) -> 0.94444444 | J11: 5 | K11: =IF(OR($G11="",J11=""),"",IF($G11=0,0,J11/$G11)) -> 0.044642857 | L11: 17 | M11: =IF(OR($F11="",L11=""),"",IF($F11=0,0,L11/$F11)) -> 0.94444444 | N11: 9 | O11: =IF(OR($G11="",N11=""),"",IF($G11=0,0,N11/$G11)) -> 0.080357143 | P11: 17 | Q11: =IF(OR($F11="",P11=""),"",IF($F11=0,0,P11/$F11)) -> 0.94444444 | R11: 18 | S11: =IF(OR($G11="",R11=""),"",IF($G11=0,0,R11/$G11)) -> 0.16071429 | T11: 17 | U11: =IF(OR($F11="",T11=""),"",IF($F11=0,0,T11/$F11)) -> 0.94444444 | V11: 27 | W11: =IF(OR($G11="",V11=""),"",IF($G11=0,0,V11/$G11)) -> 0.24107143 | X11: 17 | Y11: =IF(OR($F11="",X11=""),"",IF($F11=0,0,X11/$F11)) -> 0.94444444 | Z11: 29 | AA11: =IF(OR($G11="",Z11=""),"",IF($G11=0,0,Z11/$G11)) -> 0.25892857 | AB11: 17 | AC11: =IF(OR($F11="",AB11=""),"",IF($F11=0,0,AB11/$F11)) -> 0.94444444 | AD11: 35 | AE11: =IF(OR($G11="",AD11=""),"",IF($G11=0,0,AD11/$G11)) -> 0.3125 | AF11: 17 | AG11: =IF(OR($F11="",AF11=""),"",IF($F11=0,0,AF11/$F11)) -> 0.94444444 | AH11: 41 | AI11: =IF(OR($G11="",AH11=""),"",IF($G11=0,0,AH11/$G11)) -> 0.36607143 | AJ11: 17 | AK11: =IF(OR($F11="",AJ11=""),"",IF($F11=0,0,AJ11/$F11)) -> 0.94444444 | AL11: 41 | AM11: =IF(OR($G11="",AL11=""),"",IF($G11=0,0,AL11/$G11)) -> 0.36607143 | AN11: 17 | AO11: =IF(OR($F11="",AN11=""),"",IF($F11=0,0,AN11/$F11)) -> 0.94444444 | AP11: 47 | AQ11: =IF(OR($G11="",AP11=""),"",IF($G11=0,0,AP11/$G11)) -> 0.41964286 | AR11: 17 | AS11: =IF(OR($F11="",AR11=""),"",IF($F11=0,0,AR11/$F11)) -> 0.94444444 | AT11: 47 | AU11: =IF(OR($G11="",AT11=""),"",IF($G11=0,0,AT11/$G11)) -> 0.41964286 | AV11: 18 | AW11: =IF(OR($F11="",AV11=""),"",IF($F11=0,0,AV11/$F11)) -> 1 | AX11: 59 | AY11: =IF(OR($G11="",AX11=""),"",IF($G11=0,0,AX11/$G11)) -> 0.52678571 | AZ11: 18 | BA11: =IF(OR($F11="",AZ11=""),"",IF($F11=0,0,AZ11/$F11)) -> 1 | BB11: 59 | BC11: 0.52 | BD11: 18 | BE11: =IF(OR($F11="",BD11=""),"",IF($F11=0,0,BD11/$F11)) -> 1 | BF11: 59 | BG11: =IF(OR($G11="",BF11=""),"",IF($G11=0,0,BF11/$G11)) -> 0.52678571 | BH11: 18 | BI11: =IF(OR($F11="",BH11=""),"",IF($F11=0,0,BH11/$F11)) -> 1 | BJ11: 59 | BK11: =IF(OR($G11="",BJ11=""),"",IF($G11=0,0,BJ11/$G11)) -> 0.52678571 | BL11: 18 | BM11: =IF(OR($F11="",BL11=""),"",IF($F11=0,0,BL11/$F11)) -> 1 | BN11: 60 | BO11: =IF(OR($G11="",BN11=""),"",IF($G11=0,0,BN11/$G11)) -> 0.53571429 | BP11: 18 | BQ11: =IF(OR($F11="",BP11=""),"",IF($F11=0,0,BP11/$F11)) -> 1 | BR11: 65 | BS11: =IF(OR($G11="",BR11=""),"",IF($G11=0,0,BR11/$G11)) -> 0.58035714 | BT11: 18 | BU11: =IF(OR($F11="",BT11=""),"",IF($F11=0,0,BT11/$F11)) -> 1 | BV11: 77 | BW11: =IF(OR($G11="",BV11=""),"",IF($G11=0,0,BV11/$G11)) -> 0.6875 | BX11: 18 | BY11: =IF(OR($F11="",BX11=""),"",IF($F11=0,0,BX11/$F11)) -> 1 | BZ11: 81 | CA11: =IF(OR($G11="",BZ11=""),"",IF($G11=0,0,BZ11/$G11)) -> 0.72321429 | CB11: 18 | CC11: =IF(OR($F11="",CB11=""),"",IF($F11=0,0,CB11/$F11)) -> 1 | CD11: 106 | CE11: =IF(OR($G11="",CD11=""),"",IF($G11=0,0,CD11/$G11)) -> 0.94642857 | CF11: 18 | CG11: =IF(OR($F11="",CF11=""),"",IF($F11=0,0,CF11/$F11)) -> 1 | CH11: 112 | CI11: =IF(OR($G11="",CH11=""),"",IF($G11=0,0,CH11/$G11)) -> 1 | CJ11: 18 | CK11: =IF(OR($F11="",CJ11=""),"",IF($F11=0,0,CJ11/$F11)) -> 1 | CL11: 112 | CM11: =IF(OR($G11="",CL11=""),"",IF($G11=0,0,CL11/$G11)) -> 1 | CN11: 18 | CO11: =IF(OR($F11="",CN11=""),"",IF($F11=0,0,CN11/$F11)) -> 1 | CP11: 112 | CQ11: =IF(OR($G11="",CP11=""),"",IF($G11=0,0,CP11/$G11)) -> 1 | CR11: 18 | CS11: =IF(OR($F11="",CR11=""),"",IF($F11=0,0,CR11/$F11)) -> 1 | CT11: 112 | CU11: =IF(OR($G11="",CT11=""),"",IF($G11=0,0,CT11/$G11)) -> 1 | CW11: =IF(OR($F11="",CV11=""),"",IF($F11=0,0,CV11/$F11)) | CY11: =IF(OR($G11="",CX11=""),"",IF($G11=0,0,CX11/$G11)) | DA11: =IF(OR($F11="",CZ11=""),"",IF($F11=0,0,CZ11/$F11)) | DC11: =IF(OR($G11="",DB11=""),"",IF($G11=0,0,DB11/$G11)) | DD11: 18 | DE11: =IF(OR($F11="",DD11=""),"",IF($F11=0,0,DD11/$F11)) -> 1 | DF11: 112 | DG11: =IF(OR($G11="",DF11=""),"",IF($G11=0,0,DF11/$G11)) -> 1 | DH11: 18 | DI11: =IF(OR($F11="",DH11=""),"",IF($F11=0,0,DH11/$F11)) -> 1 | DJ11: 112 | DK11: =IF(OR($G11="",DJ11=""),"",IF($G11=0,0,DJ11/$G11)) -> 1 | DL11: 18 | DM11: =IF(OR($F11="",DL11=""),"",IF($F11=0,0,DL11/$F11)) -> 1 | DN11: 112 | DO11: =IF(OR($G11="",DN11=""),"",IF($G11=0,0,DN11/$G11)) -> 1 | DP11: 18 | DQ11: =IF(OR($F11="",DP11=""),"",IF($F11=0,0,DP11/$F11)) -> 1 | DR11: 112 | DS11: =IF(OR($G11="",DR11=""),"",IF($G11=0,0,DR11/$G11)) -> 1 | DT11: 18 | DU11: =IF(OR($F11="",DT11=""),"",IF($F11=0,0,DT11/$F11)) -> 1 | DV11: 112 | DW11: =IF(OR($G11="",DV11=""),"",IF($G11=0,0,DV11/$G11)) -> 1 | DX11: 18 | DY11: =IF(OR($F11="",DX11=""),"",IF($F11=0,0,DX11/$F11)) -> 1 | DZ11: 112 | EA11: =IF(OR($G11="",DZ11=""),"",IF($G11=0,0,DZ11/$G11)) -> 1 | EB11: 18 | EC11: =IF(OR($F11="",EB11=""),"",IF($F11=0,0,EB11/$F11)) -> 1 | ED11: 112 | EE11: =IF(OR($G11="",ED11=""),"",IF($G11=0,0,ED11/$G11)) -> 1 | EF11: 18 | EG11: =IF(OR($F11="",EF11=""),"",IF($F11=0,0,EF11/$F11)) -> 1 | EH11: 112 | EI11: =IF(OR($G11="",EH11=""),"",IF($G11=0,0,EH11/$G11)) -> 1 | EJ11: 18 | EK11: =IF(OR($F11="",EJ11=""),"",IF($F11=0,0,EJ11/$F11)) -> 1 | EL11: 112 | EM11: =IF(OR($G11="",EL11=""),"",IF($G11=0,0,EL11/$G11)) -> 1 | EN11: 18 | EO11: =IF(OR($F11="",EN11=""),"",IF($F11=0,0,EN11/$F11)) -> 1 | EP11: 112 | EQ11: =IF(OR($G11="",EP11=""),"",IF($G11=0,0,EP11/$G11)) -> 1 | ER11: 18 | ES11: =IF(OR($F11="",ER11=""),"",IF($F11=0,0,ER11/$F11)) -> 1 | ET11: 112 | EU11: =IF(OR($G11="",ET11=""),"",IF($G11=0,0,ET11/$G11)) -> 1 | EV11: 18 | EW11: =IF(OR($F11="",EV11=""),"",IF($F11=0,0,EV11/$F11)) -> 1 | EX11: 112 | EY11: =IF(OR($G11="",EX11=""),"",IF($G11=0,0,EX11/$G11)) -> 1 | EZ11: 18 | FA11: =IF(OR($F11="",EZ11=""),"",IF($F11=0,0,EZ11/$F11)) -> 1 | FB11: 112 | FC11: =IF(OR($G11="",FB11=""),"",IF($G11=0,0,FB11/$G11)) -> 1 | FD11: 18 | FE11: =IF(OR($F11="",FD11=""),"",IF($F11=0,0,FD11/$F11)) -> 1 | FF11: 112 | FG11: =IF(OR($G11="",FF11=""),"",IF($G11=0,0,FF11/$G11)) -> 1 | FH11: 18 | FI11: =IF(OR($F11="",FH11=""),"",IF($F11=0,0,FH11/$F11)) -> 1 | FJ11: 112 | FK11: =IF(OR($G11="",FJ11=""),"",IF($G11=0,0,FJ11/$G11)) -> 1 | FL11: 18 | FM11: =IF(OR($F11="",FL11=""),"",IF($F11=0,0,FL11/$F11)) -> 1 | FO11: =IF(OR($G11="",FN11=""),"",IF($G11=0,0,FN11/$G11)) | FQ11: =IF(OR($F11="",FP11=""),"",IF($F11=0,0,FP11/$F11)) | FS11: =IF(OR($G11="",FR11=""),"",IF($G11=0,0,FR11/$G11)) | FU11: =IF(OR($F11="",FT11=""),"",IF($F11=0,0,FT11/$F11)) | FW11: =IF(OR($G11="",FV11=""),"",IF($G11=0,0,FV11/$G11)) | FY11: =IF(OR($F11="",FX11=""),"",IF($F11=0,0,FX11/$F11)) | GA11: =IF(OR($G11="",FZ11=""),"",IF($G11=0,0,FZ11/$G11)) | GC11: =IF(OR($F11="",GB11=""),"",IF($F11=0,0,GB11/$F11)) | GE11: =IF(OR($G11="",GD11=""),"",IF($G11=0,0,GD11/$G11)) | GG11: =IF(OR($F11="",GF11=""),"",IF($F11=0,0,GF11/$F11)) | GI11: =IF(OR($G11="",GH11=""),"",IF($G11=0,0,GH11/$G11)) | GK11: =IF(OR($F11="",GJ11=""),"",IF($F11=0,0,GJ11/$F11)) | GM11: =IF(OR($G11="",GL11=""),"",IF($G11=0,0,GL11/$G11)) | GO11: =IF(OR($F11="",GN11=""),"",IF($F11=0,0,GN11/$F11)) | GQ11: =IF(OR($G11="",GP11=""),"",IF($G11=0,0,GP11/$G11)) | GS11: =IF(OR($F11="",GR11=""),"",IF($F11=0,0,GR11/$F11)) | GU11: =IF(OR($G11="",GT11=""),"",IF($G11=0,0,GT11/$G11)) | GW11: =IF(OR($F11="",GV11=""),"",IF($F11=0,0,GV11/$F11)) | GY11: =IF(OR($G11="",GX11=""),"",IF($G11=0,0,GX11/$G11)) | HA11: =IF(OR($F11="",GZ11=""),"",IF($F11=0,0,GZ11/$F11)) | HC11: =IF(OR($G11="",HB11=""),"",IF($G11=0,0,HB11/$G11)) | HE11: =IF(OR($F11="",HD11=""),"",IF($F11=0,0,HD11/$F11)) | HG11: =IF(OR($G11="",HF11=""),"",IF($G11=0,0,HF11/$G11)) | HI11: =IF(OR($F11="",HH11=""),"",IF($F11=0,0,HH11/$F11)) | HK11: =IF(OR($G11="",HJ11=""),"",IF($G11=0,0,HJ11/$G11)) | HM11: =IF(OR($F11="",HL11=""),"",IF($F11=0,0,HL11/$F11)) | HO11: =IF(OR($G11="",HN11=""),"",IF($G11=0,0,HN11/$G11)) | HQ11: =IF(OR($F11="",HP11=""),"",IF($F11=0,0,HP11/$F11)) | HS11: =IF(OR($G11="",HR11=""),"",IF($G11=0,0,HR11/$G11)) | HU11: =IF(OR($F11="",HT11=""),"",IF($F11=0,0,HT11/$F11)) | HW11: =IF(OR($G11="",HV11=""),"",IF($G11=0,0,HV11/$G11)) | HY11: =IF(OR($F11="",HX11=""),"",IF($F11=0,0,HX11/$F11)) | IA11: =IF(OR($G11="",HZ11=""),"",IF($G11=0,0,HZ11/$G11)) | IC11: =IF(OR($F11="",IB11=""),"",IF($F11=0,0,IB11/$F11)) | IE11: =IF(OR($G11="",ID11=""),"",IF($G11=0,0,ID11/$G11)) | IG11: =IF(OR($F11="",IF11=""),"",IF($F11=0,0,IF11/$F11)) | II11: =IF(OR($G11="",IH11=""),"",IF($G11=0,0,IH11/$G11)) | IK11: =IF(OR($F11="",IJ11=""),"",IF($F11=0,0,IJ11/$F11)) | IM11: =IF(OR($G11="",IL11=""),"",IF($G11=0,0,IL11/$G11)) | IO11: =IF(OR($F11="",IN11=""),"",IF($F11=0,0,IN11/$F11)) | IQ11: =IF(OR($G11="",IP11=""),"",IF($G11=0,0,IP11/$G11)) | IS11: =IF(OR($F11="",IR11=""),"",IF($F11=0,0,IR11/$F11)) | IU11: =IF(OR($G11="",IT11=""),"",IF($G11=0,0,IT11/$G11)) | IW11: =IF(OR($F11="",IV11=""),"",IF($F11=0,0,IV11/$F11)) | IY11: =IF(OR($G11="",IX11=""),"",IF($G11=0,0,IX11/$G11)) | JA11: =IF(OR($F11="",IZ11=""),"",IF($F11=0,0,IZ11/$F11)) | JC11: =IF(OR($G11="",JB11=""),"",IF($G11=0,0,JB11/$G11)) | JE11: =IF(OR($F11="",JD11=""),"",IF($F11=0,0,JD11/$F11)) | JG11: =IF(OR($G11="",JF11=""),"",IF($G11=0,0,JF11/$G11)) | JI11: =IF(OR($F11="",JH11=""),"",IF($F11=0,0,JH11/$F11)) | JK11: =IF(OR($G11="",JJ11=""),"",IF($G11=0,0,JJ11/$G11)) | JM11: =IF(OR($F11="",JL11=""),"",IF($F11=0,0,JL11/$F11)) | JO11: =IF(OR($G11="",JN11=""),"",IF($G11=0,0,JN11/$G11)) | JQ11: =IF(OR($F11="",JP11=""),"",IF($F11=0,0,JP11/$F11)) | JS11: =IF(OR($G11="",JR11=""),"",IF($G11=0,0,JR11/$G11)) | JU11: =IF(OR($F11="",JT11=""),"",IF($F11=0,0,JT11/$F11)) | JW11: =IF(OR($G11="",JV11=""),"",IF($G11=0,0,JV11/$G11)) | JY11: =IF(OR($F11="",JX11=""),"",IF($F11=0,0,JX11/$F11)) | KA11: =IF(OR($G11="",JZ11=""),"",IF($G11=0,0,JZ11/$G11)) | KC11: =IF(OR($F11="",KB11=""),"",IF($F11=0,0,KB11/$F11)) | KE11: =IF(OR($G11="",KD11=""),"",IF($G11=0,0,KD11/$G11)) | KG11: =IF(OR($F11="",KF11=""),"",IF($F11=0,0,KF11/$F11)) | KI11: =IF(OR($G11="",KH11=""),"",IF($G11=0,0,KH11/$G11)) | KK11: =IF(OR($F11="",KJ11=""),"",IF($F11=0,0,KJ11/$F11)) | KM11: =IF(OR($G11="",KL11=""),"",IF($G11=0,0,KL11/$G11)) | KO11: =IF(OR($F11="",KN11=""),"",IF($F11=0,0,KN11/$F11)) | KQ11: =IF(OR($G11="",KP11=""),"",IF($G11=0,0,KP11/$G11)) | KS11: =IF(OR($F11="",KR11=""),"",IF($F11=0,0,KR11/$F11)) | KU11: =IF(OR($G11="",KT11=""),"",IF($G11=0,0,KT11/$G11)) | KW11: =IF(OR($F11="",KV11=""),"",IF($F11=0,0,KV11/$F11)) | KY11: =IF(OR($G11="",KX11=""),"",IF($G11=0,0,KX11/$G11)) | LA11: =IF(OR($F11="",KZ11=""),"",IF($F11=0,0,KZ11/$F11)) | LC11: =IF(OR($G11="",LB11=""),"",IF($G11=0,0,LB11/$G11)) | LE11: =IF(OR($F11="",LD11=""),"",IF($F11=0,0,LD11/$F11)) | LG11: =IF(OR($G11="",LF11=""),"",IF($G11=0,0,LF11/$G11)) | LI11: =IF(OR($F11="",LH11=""),"",IF($F11=0,0,LH11/$F11)) | LK11: =IF(OR($G11="",LJ11=""),"",IF($G11=0,0,LJ11/$G11)) | LM11: =IF(OR($F11="",LL11=""),"",IF($F11=0,0,LL11/$F11)) | LO11: =IF(OR($G11="",LN11=""),"",IF($G11=0,0,LN11/$G11)) | LQ11: =IF(OR($F11="",LP11=""),"",IF($F11=0,0,LP11/$F11)) | LS11: =IF(OR($G11="",LR11=""),"",IF($G11=0,0,LR11/$G11)) | LU11: =IF(OR($F11="",LT11=""),"",IF($F11=0,0,LT11/$F11)) | LW11: =IF(OR($G11="",LV11=""),"",IF($G11=0,0,LV11/$G11)) | LY11: =IF(OR($F11="",LX11=""),"",IF($F11=0,0,LX11/$F11)) | MA11: =IF(OR($G11="",LZ11=""),"",IF($G11=0,0,LZ11/$G11)) | MC11: =IF(OR($F11="",MB11=""),"",IF($F11=0,0,MB11/$F11)) | ME11: =IF(OR($G11="",MD11=""),"",IF($G11=0,0,MD11/$G11)) | MG11: =IF(OR($F11="",MF11=""),"",IF($F11=0,0,MF11/$F11)) | MI11: =IF(OR($G11="",MH11=""),"",IF($G11=0,0,MH11/$G11)) | MK11: =IF(OR($F11="",MJ11=""),"",IF($F11=0,0,MJ11/$F11)) | MM11: =IF(OR($G11="",ML11=""),"",IF($G11=0,0,ML11/$G11)) | MO11: =IF(OR($F11="",MN11=""),"",IF($F11=0,0,MN11/$F11)) | MQ11: =IF(OR($G11="",MP11=""),"",IF($G11=0,0,MP11/$G11)) | MS11: =IF(OR($F11="",MR11=""),"",IF($F11=0,0,MR11/$F11)) | MU11: =IF(OR($G11="",MT11=""),"",IF($G11=0,0,MT11/$G11)) | MW11: =IF(OR($F11="",MV11=""),"",IF($F11=0,0,MV11/$F11)) | MY11: =IF(OR($G11="",MX11=""),"",IF($G11=0,0,MX11/$G11)) | NA11: =IF(OR($F11="",MZ11=""),"",IF($F11=0,0,MZ11/$F11)) | NC11: =IF(OR($G11="",NB11=""),"",IF($G11=0,0,NB11/$G11)) | NE11: =IF(OR($F11="",ND11=""),"",IF($F11=0,0,ND11/$F11)) | NG11: =IF(OR($G11="",NF11=""),"",IF($G11=0,0,NF11/$G11)) | NI11: =IF(OR($F11="",NH11=""),"",IF($F11=0,0,NH11/$F11)) | NK11: =IF(OR($G11="",NJ11=""),"",IF($G11=0,0,NJ11/$G11)) | NM11: =IF(OR($F11="",NL11=""),"",IF($F11=0,0,NL11/$F11)) | NO11: =IF(OR($G11="",NN11=""),"",IF($G11=0,0,NN11/$G11)) | NQ11: =IF(OR($F11="",NP11=""),"",IF($F11=0,0,NP11/$F11)) | NS11: =IF(OR($G11="",NR11=""),"",IF($G11=0,0,NR11/$G11)) | NU11: =IF(OR($F11="",NT11=""),"",IF($F11=0,0,NT11/$F11)) | NW11: =IF(OR($G11="",NV11=""),"",IF($G11=0,0,NV11/$G11))
A13: ملاحظات: • الخلايا الكريمية: حقول إدخال (العدد الكلي للمعلمين/الطلاب + أعداد الدخول يومياً) • النسبة تُحسب تلقائياً = (عدد الدخول ÷ العدد الكلي) × 100 • أدخل العدد الكلي أولاً ثم أعداد الدخول يومياً لظهور النسب • اللون الأزرق الفاتح = نسب المعلمين | اللون الأخضر الفاتح = نسب الطلاب • اللون الأزرق الداكن للأرقام المدخلة | اللون الأسود للنسب المحسوبة | H13: حقول الإدخال (كريمي) | L13: نسب المعلمين (أزرق فاتح) | P13: نسب الطلاب (أخضر فاتح) | CV13: اجازة اليوم الوطني | CX13: اجازة اليوم الوطني | CZ13: اجازة اليوم الوطني | DB13: اجازة اليوم الوطني
A14: ملاحظات: • الخلايا الكريمية: حقول إدخال (العدد الكلي للمعلمين/الطلاب + أعداد الدخول يومياً) • النسبة تُحسب تلقائياً = (عدد الدخول ÷ العدد الكلي) × 100 • أدخل العدد الكلي أولاً ثم أعداد الدخول يومياً لظهور النسب • اللون الأزرق الفاتح = نسب المعلمين | اللون الأخضر الفاتح = نسب الطلاب • النسب الأقل من 50% تظهر باللون الأحمر تلقائياً • اللون الأزرق الداكن للأرقام المدخلة | اللون الأسود للنسب المحسوبة

Sheet متابعة نسب الغياب
A1: 🏠 العودة للصفحة الرئيسية | C1: 📊 الرسوم البيانية
A3: اسم عضو الفريق التنفيذي: عبدالله خالد العتيبي | G3: الأسبوع الأول من بداية الفصل الدراسي الأول | Q3: الأسبوع الثاني | AA3: الأسبوع 3 | AK3: الأسبوع 4 | AU3: الأسبوع 5 | BE3: الأسبوع 6 | BO3: الأسبوع 7 | BY3: الأسبوع 8 | CI3: الأسبوع 9 | CS3: الأسبوع 10 | DC3: الأسبوع 11 | DM3: الأسبوع 12 | DW3: الأسبوع 13 | EG3: الأسبوع 14 | EQ3: الأسبوع 15 | FA3: الأسبوع 16 | FK3: الأسبوع 17 | FU3: الأسبوع 18 | GE3: الأسبوع 19
G4: الأحد 10 / 3 | I4: الاثنين 11 / 3 | K4: الثلاثاء 12 / 3 | M4: الأربعاء 13 / 3 | O4: الخميس 14 / 3 | Q4: الأحد3/17 | S4: الاثنين3/18 | U4: الثلاثاء3/19 | W4: الأربعاء3/20 | Y4: الخميس3/21 | AA4: الأحد24/3 | AC4: الاثنين25/3 | AE4: الثلاثاء26/3 | AG4: الأربعاء27/3 | AI4: الخميس28/3 | AK4: الاحد 2/4 | AM4: الاثنين3/4 | AO4: الثلاثاء4/4 | AQ4: الأربعاء5/4 | AS4: الخميس6/4 | AU4: 46269 | AW4: الاثنين10/4 | AY4: الثلاثاء11/4 | BA4: الأربعاء12/4 | BC4: الخميس13/4 | BE4: الأحد16/4 | BG4: الاثنين17/4 | BI4: الثلاثاء18/4 | BK4: الأربعاء19/4 | BM4: الخميس20/4 | BO4: الأحد23/4 | BQ4: الاثنين24/4 | BS4: الثلاثاء25/4 | BU4: الأربعاء26/4 | BW4: الخميس27/4 | BY4: الأحد | CA4: الاثنين | CC4: الثلاثاء | CE4: الأربعاء | CG4: الخميس | CI4: الأحد | CK4: الاثنين | CM4: الثلاثاء | CO4: الأربعاء | CQ4: الخميس | CS4: الأحد | CU4: الاثنين | CW4: الثلاثاء | CY4: الأربعاء | DA4: الخميس | DC4: الأحد | DE4: الاثنين | DG4: الثلاثاء | DI4: الأربعاء | DK4: الخميس | DM4: الأحد | DO4: الاثنين | DQ4: الثلاثاء | DS4: الأربعاء | DU4: الخميس | DW4: الأحد | DY4: الاثنين | EA4: الثلاثاء | EC4: الأربعاء | EE4: الخميس | EG4: الأحد | EI4: الاثنين | EK4: الثلاثاء | EM4: الأربعاء | EO4: الخميس | EQ4: الأحد | ES4: الاثنين | EU4: الثلاثاء | EW4: الأربعاء | EY4: الخميس | FA4: الأحد | FC4: الاثنين | FE4: الثلاثاء | FG4: الأربعاء | FI4: الخميس | FK4: الأحد | FM4: الاثنين | FO4: الثلاثاء | FQ4: الأربعاء | FS4: الخميس | FU4: الأحد | FW4: الاثنين | FY4: الثلاثاء | GA4: الأربعاء | GC4: الخميس | GE4: الأحد | GG4: الاثنين | GI4: الثلاثاء | GK4: الأربعاء | GM4: الخميس
A5: م | B5: المدرسة | C5: المرحلة الدراسية | D5: الرقم الوزاري | E5: جنس المدرسة | F5: العدد الكلي للطلاب | G5: الغياب | H5: النسبة | I5: الغياب | J5: النسبة | K5: الغياب | L5: النسبة | M5: الغياب | N5: النسبة | O5: الغياب | P5: النسبة | Q5: الغياب | R5: النسبة | S5: الغياب | T5: النسبة | U5: الغياب | V5: النسبة | W5: الغياب | X5: النسبة | Y5: الغياب | Z5: النسبة | AA5: الغياب | AB5: النسبة | AC5: الغياب | AD5: النسبة | AE5: الغياب | AF5: النسبة | AG5: الغياب | AH5: النسبة | AI5: الغياب | AJ5: النسبة | AK5: الغياب | AL5: النسبة | AM5: الغياب | AN5: النسبة | AO5: الغياب | AP5: النسبة | AQ5: الغياب | AR5: النسبة | AS5: الغياب | AT5: النسبة | AU5: الغياب | AV5: النسبة | AW5: الغياب | AX5: النسبة | AY5: الغياب | AZ5: النسبة | BA5: الغياب | BB5: النسبة | BC5: الغياب | BD5: النسبة | BE5: الغياب | BF5: النسبة | BG5: الغياب | BH5: النسبة | BI5: الغياب | BJ5: النسبة | BK5: الغياب | BL5: النسبة | BM5: الغياب | BN5: النسبة | BO5: الغياب | BP5: النسبة | BQ5: الغياب | BR5: النسبة | BS5: الغياب | BT5: النسبة | BU5: الغياب | BV5: النسبة | BW5: الغياب | BX5: النسبة | BY5: الغياب | BZ5: النسبة | CA5: الغياب | CB5: النسبة | CC5: الغياب | CD5: النسبة | CE5: الغياب | CF5: النسبة | CG5: الغياب | CH5: النسبة | CI5: الغياب | CJ5: النسبة | CK5: الغياب | CL5: النسبة | CM5: الغياب | CN5: النسبة | CO5: الغياب | CP5: النسبة | CQ5: الغياب | CR5: النسبة | CS5: الغياب | CT5: النسبة | CU5: الغياب | CV5: النسبة | CW5: الغياب | CX5: النسبة | CY5: الغياب | CZ5: النسبة | DA5: الغياب | DB5: النسبة | DC5: الغياب | DD5: النسبة | DE5: الغياب | DF5: النسبة | DG5: الغياب | DH5: النسبة | DI5: الغياب | DJ5: النسبة | DK5: الغياب | DL5: النسبة | DM5: الغياب | DN5: النسبة | DO5: الغياب | DP5: النسبة | DQ5: الغياب | DR5: النسبة | DS5: الغياب | DT5: النسبة | DU5: الغياب | DV5: النسبة | DW5: الغياب | DX5: النسبة | DY5: الغياب | DZ5: النسبة | EA5: الغياب | EB5: النسبة | EC5: الغياب | ED5: النسبة | EE5: الغياب | EF5: النسبة | EG5: الغياب | EH5: النسبة | EI5: الغياب | EJ5: النسبة | EK5: الغياب | EL5: النسبة | EM5: الغياب | EN5: النسبة | EO5: الغياب | EP5: النسبة | EQ5: الغياب | ER5: النسبة | ES5: الغياب | ET5: النسبة | EU5: الغياب | EV5: النسبة | EW5: الغياب | EX5: النسبة | EY5: الغياب | EZ5: النسبة | FA5: الغياب | FB5: النسبة | FC5: الغياب | FD5: النسبة | FE5: الغياب | FF5: النسبة | FG5: الغياب | FH5: النسبة | FI5: الغياب | FJ5: النسبة | FK5: الغياب | FL5: النسبة | FM5: الغياب | FN5: النسبة | FO5: الغياب | FP5: النسبة | FQ5: الغياب | FR5: النسبة | FS5: الغياب | FT5: النسبة | FU5: الغياب | FV5: النسبة | FW5: الغياب | FX5: النسبة | FY5: الغياب | FZ5: النسبة | GA5: الغياب | GB5: النسبة | GC5: الغياب | GD5: النسبة | GE5: الغياب | GF5: النسبة | GG5: الغياب | GH5: النسبة | GI5: الغياب | GJ5: النسبة | GK5: الغياب | GL5: النسبة | GM5: الغياب | GN5: النسبة
A6: 1 | B6: الارطاوي بالسر | C6: الثانوية | D6: m3917285 | E6: بنين | F6: 50 | G6: 2 | H6: =IF(OR($F6="",G6=""),"",IF($F6=0,0,G6/$F6)) -> 0.04 | I6: 1 | J6: =IF(OR($F6="",I6=""),"",IF($F6=0,0,I6/$F6)) -> 0.02 | K6: 0 | L6: =IF(OR($F6="",K6=""),"",IF($F6=0,0,K6/$F6)) -> 0 | M6: 2 | N6: =IF(OR($F6="",M6=""),"",IF($F6=0,0,M6/$F6)) -> 0.04 | O6: 1 | P6: =IF(OR($F6="",O6=""),"",IF($F6=0,0,O6/$F6)) -> 0.02 | Q6: 2 | R6: =IF(OR($F6="",Q6=""),"",IF($F6=0,0,Q6/$F6)) -> 0.04 | S6: 1 | T6: =IF(OR($F6="",S6=""),"",IF($F6=0,0,S6/$F6)) -> 0.02 | U6: 1 | V6: 0.02 | W6: 2 | X6: =IF(OR($F6="",W6=""),"",IF($F6=0,0,W6/$F6)) -> 0.04 | Y6: 3 | Z6: =IF(OR($F6="",Y6=""),"",IF($F6=0,0,Y6/$F6)) -> 0.06 | AA6: 2 | AB6: =IF(OR($F6="",AA6=""),"",IF($F6=0,0,AA6/$F6)) -> 0.04 | AC6: 3 | AD6: =IF(OR($F6="",AC6=""),"",IF($F6=0,0,AC6/$F6)) -> 0.06 | AE6: 1 | AF6: =IF(OR($F6="",AE6=""),"",IF($F6=0,0,AE6/$F6)) -> 0.02 | AG6: 0 | AH6: =IF(OR($F6="",AG6=""),"",IF($F6=0,0,AG6/$F6)) -> 0 | AI6: 1 | AJ6: =IF(OR($F6="",AI6=""),"",IF($F6=0,0,AI6/$F6)) -> 0.02 | AK6: 0 | AL6: 0.0% | AM6: 2 | AN6: =IF(OR($F6="",AM6=""),"",IF($F6=0,0,AM6/$F6)) -> 0.04 | AO6: 1 | AP6: =IF(OR($F6="",AO6=""),"",IF($F6=0,0,AO6/$F6)) -> 0.02 | AQ6: 0 | AR6: =IF(OR($F6="",AQ6=""),"",IF($F6=0,0,AQ6/$F6)) -> 0 | AS6: 3 | AT6: =IF(OR($F6="",AS6=""),"",IF($F6=0,0,AS6/$F6)) -> 0.06 | AU6: 2 | AV6: =IF(OR($F6="",AU6=""),"",IF($F6=0,0,AU6/$F6)) -> 0.04 | AW6: 3 | AX6: =IF(OR($F6="",AW6=""),"",IF($F6=0,0,AW6/$F6)) -> 0.06 | AY6: 4 | AZ6: =IF(OR($F6="",AY6=""),"",IF($F6=0,0,AY6/$F6)) -> 0.08 | BA6: اليوم الوطني | BC6: اليوم الوطني | BE6: 2 | BF6: =IF(OR($F6="",BE6=""),"",IF($F6=0,0,BE6/$F6)) -> 0.04 | BG6: 0 | BH6: =IF(OR($F6="",BG6=""),"",IF($F6=0,0,BG6/$F6)) -> 0 | BI6: 1 | BJ6: =IF(OR($F6="",BI6=""),"",IF($F6=0,0,BI6/$F6)) -> 0.02 | BK6: 0 | BL6: =IF(OR($F6="",BK6=""),"",IF($F6=0,0,BK6/$F6)) -> 0 | BM6: 3 | BN6: =IF(OR($F6="",BM6=""),"",IF($F6=0,0,BM6/$F6)) -> 0.06 | BO6: 2 | BP6: =IF(OR($F6="",BO6=""),"",IF($F6=0,0,BO6/$F6)) -> 0.04 | BQ6: 1 | BR6: =IF(OR($F6="",BQ6=""),"",IF($F6=0,0,BQ6/$F6)) -> 0.02 | BS6: 2 | BT6: =IF(OR($F6="",BS6=""),"",IF($F6=0,0,BS6/$F6)) -> 0.04 | BU6: 1 | BV6: =IF(OR($F6="",BU6=""),"",IF($F6=0,0,BU6/$F6)) -> 0.02 | BW6: 3 | BX6: =IF(OR($F6="",BW6=""),"",IF($F6=0,0,BW6/$F6)) -> 0.06 | BY6: 0 | BZ6: =IF(OR($F6="",BY6=""),"",IF($F6=0,0,BY6/$F6)) -> 0 | CA6: 1 | CB6: =IF(OR($F6="",CA6=""),"",IF($F6=0,0,CA6/$F6)) -> 0.02 | CC6: 0 | CD6: =IF(OR($F6="",CC6=""),"",IF($F6=0,0,CC6/$F6)) -> 0 | CE6: 1 | CF6: =IF(OR($F6="",CE6=""),"",IF($F6=0,0,CE6/$F6)) -> 0.02 | CG6: 2 | CH6: =IF(OR($F6="",CG6=""),"",IF($F6=0,0,CG6/$F6)) -> 0.04 | CJ6: =IF(OR($F6="",CI6=""),"",IF($F6=0,0,CI6/$F6)) | CL6: =IF(OR($F6="",CK6=""),"",IF($F6=0,0,CK6/$F6)) | CN6: =IF(OR($F6="",CM6=""),"",IF($F6=0,0,CM6/$F6)) | CP6: =IF(OR($F6="",CO6=""),"",IF($F6=0,0,CO6/$F6)) | CR6: =IF(OR($F6="",CQ6=""),"",IF($F6=0,0,CQ6/$F6)) | CT6: =IF(OR($F6="",CS6=""),"",IF($F6=0,0,CS6/$F6)) | CV6: =IF(OR($F6="",CU6=""),"",IF($F6=0,0,CU6/$F6)) | CX6: =IF(OR($F6="",CW6=""),"",IF($F6=0,0,CW6/$F6)) | CZ6: =IF(OR($F6="",CY6=""),"",IF($F6=0,0,CY6/$F6)) | DB6: =IF(OR($F6="",DA6=""),"",IF($F6=0,0,DA6/$F6)) | DD6: =IF(OR($F6="",DC6=""),"",IF($F6=0,0,DC6/$F6)) | DF6: =IF(OR($F6="",DE6=""),"",IF($F6=0,0,DE6/$F6)) | DH6: =IF(OR($F6="",DG6=""),"",IF($F6=0,0,DG6/$F6)) | DJ6: =IF(OR($F6="",DI6=""),"",IF($F6=0,0,DI6/$F6)) | DL6: =IF(OR($F6="",DK6=""),"",IF($F6=0,0,DK6/$F6)) | DN6: =IF(OR($F6="",DM6=""),"",IF($F6=0,0,DM6/$F6)) | DP6: =IF(OR($F6="",DO6=""),"",IF($F6=0,0,DO6/$F6)) | DR6: =IF(OR($F6="",DQ6=""),"",IF($F6=0,0,DQ6/$F6)) | DT6: =IF(OR($F6="",DS6=""),"",IF($F6=0,0,DS6/$F6)) | DV6: =IF(OR($F6="",DU6=""),"",IF($F6=0,0,DU6/$F6)) | DX6: =IF(OR($F6="",DW6=""),"",IF($F6=0,0,DW6/$F6)) | DZ6: =IF(OR($F6="",DY6=""),"",IF($F6=0,0,DY6/$F6)) | EB6: =IF(OR($F6="",EA6=""),"",IF($F6=0,0,EA6/$F6)) | ED6: =IF(OR($F6="",EC6=""),"",IF($F6=0,0,EC6/$F6)) | EF6: =IF(OR($F6="",EE6=""),"",IF($F6=0,0,EE6/$F6)) | EH6: =IF(OR($F6="",EG6=""),"",IF($F6=0,0,EG6/$F6)) | EJ6: =IF(OR($F6="",EI6=""),"",IF($F6=0,0,EI6/$F6)) | EL6: =IF(OR($F6="",EK6=""),"",IF($F6=0,0,EK6/$F6)) | EN6: =IF(OR($F6="",EM6=""),"",IF($F6=0,0,EM6/$F6)) | EP6: =IF(OR($F6="",EO6=""),"",IF($F6=0,0,EO6/$F6)) | ER6: =IF(OR($F6="",EQ6=""),"",IF($F6=0,0,EQ6/$F6)) | ET6: =IF(OR($F6="",ES6=""),"",IF($F6=0,0,ES6/$F6)) | EV6: =IF(OR($F6="",EU6=""),"",IF($F6=0,0,EU6/$F6)) | EX6: =IF(OR($F6="",EW6=""),"",IF($F6=0,0,EW6/$F6)) | EZ6: =IF(OR($F6="",EY6=""),"",IF($F6=0,0,EY6/$F6)) | FB6: =IF(OR($F6="",FA6=""),"",IF($F6=0,0,FA6/$F6)) | FD6: =IF(OR($F6="",FC6=""),"",IF($F6=0,0,FC6/$F6)) | FF6: =IF(OR($F6="",FE6=""),"",IF($F6=0,0,FE6/$F6)) | FH6: =IF(OR($F6="",FG6=""),"",IF($F6=0,0,FG6/$F6)) | FJ6: =IF(OR($F6="",FI6=""),"",IF($F6=0,0,FI6/$F6)) | FL6: =IF(OR($F6="",FK6=""),"",IF($F6=0,0,FK6/$F6)) | FN6: =IF(OR($F6="",FM6=""),"",IF($F6=0,0,FM6/$F6)) | FP6: =IF(OR($F6="",FO6=""),"",IF($F6=0,0,FO6/$F6)) | FR6: =IF(OR($F6="",FQ6=""),"",IF($F6=0,0,FQ6/$F6)) | FT6: =IF(OR($F6="",FS6=""),"",IF($F6=0,0,FS6/$F6)) | FV6: =IF(OR($F6="",FU6=""),"",IF($F6=0,0,FU6/$F6)) | FX6: =IF(OR($F6="",FW6=""),"",IF($F6=0,0,FW6/$F6)) | FZ6: =IF(OR($F6="",FY6=""),"",IF($F6=0,0,FY6/$F6)) | GB6: =IF(OR($F6="",GA6=""),"",IF($F6=0,0,GA6/$F6)) | GD6: =IF(OR($F6="",GC6=""),"",IF($F6=0,0,GC6/$F6)) | GF6: =IF(OR($F6="",GE6=""),"",IF($F6=0,0,GE6/$F6)) | GH6: =IF(OR($F6="",GG6=""),"",IF($F6=0,0,GG6/$F6)) | GJ6: =IF(OR($F6="",GI6=""),"",IF($F6=0,0,GI6/$F6)) | GL6: =IF(OR($F6="",GK6=""),"",IF($F6=0,0,GK6/$F6)) | GN6: =IF(OR($F6="",GM6=""),"",IF($F6=0,0,GM6/$F6))
A7: 2 | B7: الارطاوي بالسر | C7: المتوسطة | D7: 17229 | E7: بنين | F7: 55 | G7: 0 | H7: =IF(OR($F7="",G7=""),"",IF($F7=0,0,G7/$F7)) -> 0 | I7: 1 | J7: =IF(OR($F7="",I7=""),"",IF($F7=0,0,I7/$F7)) -> 0.018181818 | K7: 0 | L7: =IF(OR($F7="",K7=""),"",IF($F7=0,0,K7/$F7)) -> 0 | M7: 0 | N7: =IF(OR($F7="",M7=""),"",IF($F7=0,0,M7/$F7)) -> 0 | O7: 1 | P7: =IF(OR($F7="",O7=""),"",IF($F7=0,0,O7/$F7)) -> 0.018181818 | Q7: 3 | R7: =IF(OR($F7="",Q7=""),"",IF($F7=0,0,Q7/$F7)) -> 0.054545455 | S7: 2 | T7: =IF(OR($F7="",S7=""),"",IF($F7=0,0,S7/$F7)) -> 0.036363636 | U7: 2 | V7: =IF(OR($F7="",U7=""),"",IF($F7=0,0,U7/$F7)) -> 0.036363636 | W7: 1 | X7: =IF(OR($F7="",W7=""),"",IF($F7=0,0,W7/$F7)) -> 0.018181818 | Y7: 2 | Z7: =IF(OR($F7="",Y7=""),"",IF($F7=0,0,Y7/$F7)) -> 0.036363636 | AA7: 1 | AB7: =IF(OR($F7="",AA7=""),"",IF($F7=0,0,AA7/$F7)) -> 0.018181818 | AC7: 2 | AD7: =IF(OR($F7="",AC7=""),"",IF($F7=0,0,AC7/$F7)) -> 0.036363636 | AE7: 3 | AF7: =IF(OR($F7="",AE7=""),"",IF($F7=0,0,AE7/$F7)) -> 0.054545455 | AG7: 1 | AH7: =IF(OR($F7="",AG7=""),"",IF($F7=0,0,AG7/$F7)) -> 0.018181818 | AI7: 2 | AJ7: =IF(OR($F7="",AI7=""),"",IF($F7=0,0,AI7/$F7)) -> 0.036363636 | AK7: 1 | AL7: =IF(OR($F7="",AK7=""),"",IF($F7=0,0,AK7/$F7)) -> 0.018181818 | AM7: 2 | AN7: =IF(OR($F7="",AM7=""),"",IF($F7=0,0,AM7/$F7)) -> 0.036363636 | AO7: 0 | AP7: =IF(OR($F7="",AO7=""),"",IF($F7=0,0,AO7/$F7)) -> 0 | AQ7: 1 | AR7: =IF(OR($F7="",AQ7=""),"",IF($F7=0,0,AQ7/$F7)) -> 0.018181818 | AS7: 2 | AT7: =IF(OR($F7="",AS7=""),"",IF($F7=0,0,AS7/$F7)) -> 0.036363636 | AU7: 2 | AV7: =IF(OR($F7="",AU7=""),"",IF($F7=0,0,AU7/$F7)) -> 0.036363636 | AW7: 1 | AX7: =IF(OR($F7="",AW7=""),"",IF($F7=0,0,AW7/$F7)) -> 0.018181818 | AY7: 3 | AZ7: =IF(OR($F7="",AY7=""),"",IF($F7=0,0,AY7/$F7)) -> 0.054545455 | BA7: اليوم الوطني | BC7: اليوم الوطني | BE7: 3 | BF7: =IF(OR($F7="",BE7=""),"",IF($F7=0,0,BE7/$F7)) -> 0.054545455 | BG7: 1 | BH7: =IF(OR($F7="",BG7=""),"",IF($F7=0,0,BG7/$F7)) -> 0.018181818 | BI7: 0 | BJ7: =IF(OR($F7="",BI7=""),"",IF($F7=0,0,BI7/$F7)) -> 0 | BK7: 2 | BL7: =IF(OR($F7="",BK7=""),"",IF($F7=0,0,BK7/$F7)) -> 0.036363636 | BM7: 4 | BN7: =IF(OR($F7="",BM7=""),"",IF($F7=0,0,BM7/$F7)) -> 0.072727273 | BO7: 1 | BP7: =IF(OR($F7="",BO7=""),"",IF($F7=0,0,BO7/$F7)) -> 0.018181818 | BQ7: 0 | BR7: =IF(OR($F7="",BQ7=""),"",IF($F7=0,0,BQ7/$F7)) -> 0 | BS7: 1 | BT7: =IF(OR($F7="",BS7=""),"",IF($F7=0,0,BS7/$F7)) -> 0.018181818 | BU7: 2 | BV7: =IF(OR($F7="",BU7=""),"",IF($F7=0,0,BU7/$F7)) -> 0.036363636 | BW7: 3 | BX7: =IF(OR($F7="",BW7=""),"",IF($F7=0,0,BW7/$F7)) -> 0.054545455 | BY7: 2 | BZ7: =IF(OR($F7="",BY7=""),"",IF($F7=0,0,BY7/$F7)) -> 0.036363636 | CA7: 1 | CB7: =IF(OR($F7="",CA7=""),"",IF($F7=0,0,CA7/$F7)) -> 0.018181818 | CC7: 0 | CD7: =IF(OR($F7="",CC7=""),"",IF($F7=0,0,CC7/$F7)) -> 0 | CE7: 2 | CF7: =IF(OR($F7="",CE7=""),"",IF($F7=0,0,CE7/$F7)) -> 0.036363636 | CG7: 2 | CH7: =IF(OR($F7="",CG7=""),"",IF($F7=0,0,CG7/$F7)) -> 0.036363636 | CJ7: =IF(OR($F7="",CI7=""),"",IF($F7=0,0,CI7/$F7)) | CL7: =IF(OR($F7="",CK7=""),"",IF($F7=0,0,CK7/$F7)) | CN7: =IF(OR($F7="",CM7=""),"",IF($F7=0,0,CM7/$F7)) | CP7: =IF(OR($F7="",CO7=""),"",IF($F7=0,0,CO7/$F7)) | CR7: =IF(OR($F7="",CQ7=""),"",IF($F7=0,0,CQ7/$F7)) | CT7: =IF(OR($F7="",CS7=""),"",IF($F7=0,0,CS7/$F7)) | CV7: =IF(OR($F7="",CU7=""),"",IF($F7=0,0,CU7/$F7)) | CX7: =IF(OR($F7="",CW7=""),"",IF($F7=0,0,CW7/$F7)) | CZ7: =IF(OR($F7="",CY7=""),"",IF($F7=0,0,CY7/$F7)) | DB7: =IF(OR($F7="",DA7=""),"",IF($F7=0,0,DA7/$F7)) | DD7: =IF(OR($F7="",DC7=""),"",IF($F7=0,0,DC7/$F7)) | DF7: =IF(OR($F7="",DE7=""),"",IF($F7=0,0,DE7/$F7)) | DH7: =IF(OR($F7="",DG7=""),"",IF($F7=0,0,DG7/$F7)) | DJ7: =IF(OR($F7="",DI7=""),"",IF($F7=0,0,DI7/$F7)) | DL7: =IF(OR($F7="",DK7=""),"",IF($F7=0,0,DK7/$F7)) | DN7: =IF(OR($F7="",DM7=""),"",IF($F7=0,0,DM7/$F7)) | DP7: =IF(OR($F7="",DO7=""),"",IF($F7=0,0,DO7/$F7)) | DR7: =IF(OR($F7="",DQ7=""),"",IF($F7=0,0,DQ7/$F7)) | DT7: =IF(OR($F7="",DS7=""),"",IF($F7=0,0,DS7/$F7)) | DV7: =IF(OR($F7="",DU7=""),"",IF($F7=0,0,DU7/$F7)) | DX7: =IF(OR($F7="",DW7=""),"",IF($F7=0,0,DW7/$F7)) | DZ7: =IF(OR($F7="",DY7=""),"",IF($F7=0,0,DY7/$F7)) | EB7: =IF(OR($F7="",EA7=""),"",IF($F7=0,0,EA7/$F7)) | ED7: =IF(OR($F7="",EC7=""),"",IF($F7=0,0,EC7/$F7)) | EF7: =IF(OR($F7="",EE7=""),"",IF($F7=0,0,EE7/$F7)) | EH7: =IF(OR($F7="",EG7=""),"",IF($F7=0,0,EG7/$F7)) | EJ7: =IF(OR($F7="",EI7=""),"",IF($F7=0,0,EI7/$F7)) | EL7: =IF(OR($F7="",EK7=""),"",IF($F7=0,0,EK7/$F7)) | EN7: =IF(OR($F7="",EM7=""),"",IF($F7=0,0,EM7/$F7)) | EP7: =IF(OR($F7="",EO7=""),"",IF($F7=0,0,EO7/$F7)) | ER7: =IF(OR($F7="",EQ7=""),"",IF($F7=0,0,EQ7/$F7)) | ET7: =IF(OR($F7="",ES7=""),"",IF($F7=0,0,ES7/$F7)) | EV7: =IF(OR($F7="",EU7=""),"",IF($F7=0,0,EU7/$F7)) | EX7: =IF(OR($F7="",EW7=""),"",IF($F7=0,0,EW7/$F7)) | EZ7: =IF(OR($F7="",EY7=""),"",IF($F7=0,0,EY7/$F7)) | FB7: =IF(OR($F7="",FA7=""),"",IF($F7=0,0,FA7/$F7)) | FD7: =IF(OR($F7="",FC7=""),"",IF($F7=0,0,FC7/$F7)) | FF7: =IF(OR($F7="",FE7=""),"",IF($F7=0,0,FE7/$F7)) | FH7: =IF(OR($F7="",FG7=""),"",IF($F7=0,0,FG7/$F7)) | FJ7: =IF(OR($F7="",FI7=""),"",IF($F7=0,0,FI7/$F7)) | FL7: =IF(OR($F7="",FK7=""),"",IF($F7=0,0,FK7/$F7)) | FN7: =IF(OR($F7="",FM7=""),"",IF($F7=0,0,FM7/$F7)) | FP7: =IF(OR($F7="",FO7=""),"",IF($F7=0,0,FO7/$F7)) | FR7: =IF(OR($F7="",FQ7=""),"",IF($F7=0,0,FQ7/$F7)) | FT7: =IF(OR($F7="",FS7=""),"",IF($F7=0,0,FS7/$F7)) | FV7: =IF(OR($F7="",FU7=""),"",IF($F7=0,0,FU7/$F7)) | FX7: =IF(OR($F7="",FW7=""),"",IF($F7=0,0,FW7/$F7)) | FZ7: =IF(OR($F7="",FY7=""),"",IF($F7=0,0,FY7/$F7)) | GB7: =IF(OR($F7="",GA7=""),"",IF($F7=0,0,GA7/$F7)) | GD7: =IF(OR($F7="",GC7=""),"",IF($F7=0,0,GC7/$F7)) | GF7: =IF(OR($F7="",GE7=""),"",IF($F7=0,0,GE7/$F7)) | GH7: =IF(OR($F7="",GG7=""),"",IF($F7=0,0,GG7/$F7)) | GJ7: =IF(OR($F7="",GI7=""),"",IF($F7=0,0,GI7/$F7)) | GL7: =IF(OR($F7="",GK7=""),"",IF($F7=0,0,GK7/$F7)) | GN7: =IF(OR($F7="",GM7=""),"",IF($F7=0,0,GM7/$F7))
A8: 3 | B8: الملك عبدالعزيز بالارطاوي | C8: الابتدائية | D8: 17108 | E8: بنين | F8: 96 | G8: 1 | H8: =IF(OR($F8="",G8=""),"",IF($F8=0,0,G8/$F8)) -> 0.010416667 | I8: 2 | J8: =IF(OR($F8="",I8=""),"",IF($F8=0,0,I8/$F8)) -> 0.020833333 | K8: 0 | L8: =IF(OR($F8="",K8=""),"",IF($F8=0,0,K8/$F8)) -> 0 | M8: 3 | N8: =IF(OR($F8="",M8=""),"",IF($F8=0,0,M8/$F8)) -> 0.03125 | O8: 0 | P8: =IF(OR($F8="",O8=""),"",IF($F8=0,0,O8/$F8)) -> 0 | Q8: 1 | R8: =IF(OR($F8="",Q8=""),"",IF($F8=0,0,Q8/$F8)) -> 0.010416667 | S8: 2 | T8: =IF(OR($F8="",S8=""),"",IF($F8=0,0,S8/$F8)) -> 0.020833333 | U8: 2 | V8: =IF(OR($F8="",U8=""),"",IF($F8=0,0,U8/$F8)) -> 0.020833333 | W8: 3 | X8: =IF(OR($F8="",W8=""),"",IF($F8=0,0,W8/$F8)) -> 0.03125 | Y8: 5 | Z8: =IF(OR($F8="",Y8=""),"",IF($F8=0,0,Y8/$F8)) -> 0.052083333 | AA8: 4 | AB8: =IF(OR($F8="",AA8=""),"",IF($F8=0,0,AA8/$F8)) -> 0.041666667 | AC8: 2 | AD8: =IF(OR($F8="",AC8=""),"",IF($F8=0,0,AC8/$F8)) -> 0.020833333 | AE8: 3 | AF8: =IF(OR($F8="",AE8=""),"",IF($F8=0,0,AE8/$F8)) -> 0.03125 | AG8: 2 | AH8: =IF(OR($F8="",AG8=""),"",IF($F8=0,0,AG8/$F8)) -> 0.020833333 | AI8: 4 | AJ8: =IF(OR($F8="",AI8=""),"",IF($F8=0,0,AI8/$F8)) -> 0.041666667 | AK8: 3 | AL8: =IF(OR($F8="",AK8=""),"",IF($F8=0,0,AK8/$F8)) -> 0.03125 | AM8: 1 | AN8: =IF(OR($F8="",AM8=""),"",IF($F8=0,0,AM8/$F8)) -> 0.010416667 | AO8: 2 | AP8: =IF(OR($F8="",AO8=""),"",IF($F8=0,0,AO8/$F8)) -> 0.020833333 | AQ8: 1 | AR8: =IF(OR($F8="",AQ8=""),"",IF($F8=0,0,AQ8/$F8)) -> 0.010416667 | AS8: 3 | AT8: =IF(OR($F8="",AS8=""),"",IF($F8=0,0,AS8/$F8)) -> 0.03125 | AU8: 4 | AV8: =IF(OR($F8="",AU8=""),"",IF($F8=0,0,AU8/$F8)) -> 0.041666667 | AW8: 3 | AX8: =IF(OR($F8="",AW8=""),"",IF($F8=0,0,AW8/$F8)) -> 0.03125 | AY8: 2 | AZ8: =IF(OR($F8="",AY8=""),"",IF($F8=0,0,AY8/$F8)) -> 0.020833333 | BA8: اليوم الوطني | BC8: اليوم الوطني | BE8: 3 | BF8: =IF(OR($F8="",BE8=""),"",IF($F8=0,0,BE8/$F8)) -> 0.03125 | BG8: 1 | BH8: =IF(OR($F8="",BG8=""),"",IF($F8=0,0,BG8/$F8)) -> 0.010416667 | BI8: 2 | BJ8: =IF(OR($F8="",BI8=""),"",IF($F8=0,0,BI8/$F8)) -> 0.020833333 | BK8: 1 | BL8: =IF(OR($F8="",BK8=""),"",IF($F8=0,0,BK8/$F8)) -> 0.010416667 | BM8: 2 | BN8: =IF(OR($F8="",BM8=""),"",IF($F8=0,0,BM8/$F8)) -> 0.020833333 | BO8: 3 | BP8: =IF(OR($F8="",BO8=""),"",IF($F8=0,0,BO8/$F8)) -> 0.03125 | BQ8: 1 | BR8: =IF(OR($F8="",BQ8=""),"",IF($F8=0,0,BQ8/$F8)) -> 0.010416667 | BS8: 2 | BT8: =IF(OR($F8="",BS8=""),"",IF($F8=0,0,BS8/$F8)) -> 0.020833333 | BU8: 0 | BV8: =IF(OR($F8="",BU8=""),"",IF($F8=0,0,BU8/$F8)) -> 0 | BW8: 2 | BX8: =IF(OR($F8="",BW8=""),"",IF($F8=0,0,BW8/$F8)) -> 0.020833333 | BY8: 3 | BZ8: =IF(OR($F8="",BY8=""),"",IF($F8=0,0,BY8/$F8)) -> 0.03125 | CA8: 2 | CB8: =IF(OR($F8="",CA8=""),"",IF($F8=0,0,CA8/$F8)) -> 0.020833333 | CC8: 1 | CD8: =IF(OR($F8="",CC8=""),"",IF($F8=0,0,CC8/$F8)) -> 0.010416667 | CE8: 3 | CF8: =IF(OR($F8="",CE8=""),"",IF($F8=0,0,CE8/$F8)) -> 0.03125 | CG8: 2 | CH8: =IF(OR($F8="",CG8=""),"",IF($F8=0,0,CG8/$F8)) -> 0.020833333 | CJ8: =IF(OR($F8="",CI8=""),"",IF($F8=0,0,CI8/$F8)) | CL8: =IF(OR($F8="",CK8=""),"",IF($F8=0,0,CK8/$F8)) | CN8: =IF(OR($F8="",CM8=""),"",IF($F8=0,0,CM8/$F8)) | CP8: =IF(OR($F8="",CO8=""),"",IF($F8=0,0,CO8/$F8)) | CR8: =IF(OR($F8="",CQ8=""),"",IF($F8=0,0,CQ8/$F8)) | CT8: =IF(OR($F8="",CS8=""),"",IF($F8=0,0,CS8/$F8)) | CV8: =IF(OR($F8="",CU8=""),"",IF($F8=0,0,CU8/$F8)) | CX8: =IF(OR($F8="",CW8=""),"",IF($F8=0,0,CW8/$F8)) | CZ8: =IF(OR($F8="",CY8=""),"",IF($F8=0,0,CY8/$F8)) | DB8: =IF(OR($F8="",DA8=""),"",IF($F8=0,0,DA8/$F8)) | DD8: =IF(OR($F8="",DC8=""),"",IF($F8=0,0,DC8/$F8)) | DF8: =IF(OR($F8="",DE8=""),"",IF($F8=0,0,DE8/$F8)) | DH8: =IF(OR($F8="",DG8=""),"",IF($F8=0,0,DG8/$F8)) | DJ8: =IF(OR($F8="",DI8=""),"",IF($F8=0,0,DI8/$F8)) | DL8: =IF(OR($F8="",DK8=""),"",IF($F8=0,0,DK8/$F8)) | DN8: =IF(OR($F8="",DM8=""),"",IF($F8=0,0,DM8/$F8)) | DP8: =IF(OR($F8="",DO8=""),"",IF($F8=0,0,DO8/$F8)) | DR8: =IF(OR($F8="",DQ8=""),"",IF($F8=0,0,DQ8/$F8)) | DT8: =IF(OR($F8="",DS8=""),"",IF($F8=0,0,DS8/$F8)) | DV8: =IF(OR($F8="",DU8=""),"",IF($F8=0,0,DU8/$F8)) | DX8: =IF(OR($F8="",DW8=""),"",IF($F8=0,0,DW8/$F8)) | DZ8: =IF(OR($F8="",DY8=""),"",IF($F8=0,0,DY8/$F8)) | EB8: =IF(OR($F8="",EA8=""),"",IF($F8=0,0,EA8/$F8)) | ED8: =IF(OR($F8="",EC8=""),"",IF($F8=0,0,EC8/$F8)) | EF8: =IF(OR($F8="",EE8=""),"",IF($F8=0,0,EE8/$F8)) | EH8: =IF(OR($F8="",EG8=""),"",IF($F8=0,0,EG8/$F8)) | EJ8: =IF(OR($F8="",EI8=""),"",IF($F8=0,0,EI8/$F8)) | EL8: =IF(OR($F8="",EK8=""),"",IF($F8=0,0,EK8/$F8)) | EN8: =IF(OR($F8="",EM8=""),"",IF($F8=0,0,EM8/$F8)) | EP8: =IF(OR($F8="",EO8=""),"",IF($F8=0,0,EO8/$F8)) | ER8: =IF(OR($F8="",EQ8=""),"",IF($F8=0,0,EQ8/$F8)) | ET8: =IF(OR($F8="",ES8=""),"",IF($F8=0,0,ES8/$F8)) | EV8: =IF(OR($F8="",EU8=""),"",IF($F8=0,0,EU8/$F8)) | EX8: =IF(OR($F8="",EW8=""),"",IF($F8=0,0,EW8/$F8)) | EZ8: =IF(OR($F8="",EY8=""),"",IF($F8=0,0,EY8/$F8)) | FB8: =IF(OR($F8="",FA8=""),"",IF($F8=0,0,FA8/$F8)) | FD8: =IF(OR($F8="",FC8=""),"",IF($F8=0,0,FC8/$F8)) | FF8: =IF(OR($F8="",FE8=""),"",IF($F8=0,0,FE8/$F8)) | FH8: =IF(OR($F8="",FG8=""),"",IF($F8=0,0,FG8/$F8)) | FJ8: =IF(OR($F8="",FI8=""),"",IF($F8=0,0,FI8/$F8)) | FL8: =IF(OR($F8="",FK8=""),"",IF($F8=0,0,FK8/$F8)) | FN8: =IF(OR($F8="",FM8=""),"",IF($F8=0,0,FM8/$F8)) | FP8: =IF(OR($F8="",FO8=""),"",IF($F8=0,0,FO8/$F8)) | FR8: =IF(OR($F8="",FQ8=""),"",IF($F8=0,0,FQ8/$F8)) | FT8: =IF(OR($F8="",FS8=""),"",IF($F8=0,0,FS8/$F8)) | FV8: =IF(OR($F8="",FU8=""),"",IF($F8=0,0,FU8/$F8)) | FX8: =IF(OR($F8="",FW8=""),"",IF($F8=0,0,FW8/$F8)) | FZ8: =IF(OR($F8="",FY8=""),"",IF($F8=0,0,FY8/$F8)) | GB8: =IF(OR($F8="",GA8=""),"",IF($F8=0,0,GA8/$F8)) | GD8: =IF(OR($F8="",GC8=""),"",IF($F8=0,0,GC8/$F8)) | GF8: =IF(OR($F8="",GE8=""),"",IF($F8=0,0,GE8/$F8)) | GH8: =IF(OR($F8="",GG8=""),"",IF($F8=0,0,GG8/$F8)) | GJ8: =IF(OR($F8="",GI8=""),"",IF($F8=0,0,GI8/$F8)) | GL8: =IF(OR($F8="",GK8=""),"",IF($F8=0,0,GK8/$F8)) | GN8: =IF(OR($F8="",GM8=""),"",IF($F8=0,0,GM8/$F8))
A9: 4 | B9: وثيلان وعشيران | C9: الثانوية | D9: m3917315 | E9: بنين | F9: 97 | G9: 1 | H9: =IF(OR($F9="",G9=""),"",IF($F9=0,0,G9/$F9)) -> 0.010309278 | I9: 2 | J9: =IF(OR($F9="",I9=""),"",IF($F9=0,0,I9/$F9)) -> 0.020618557 | K9: 1 | L9: =IF(OR($F9="",K9=""),"",IF($F9=0,0,K9/$F9)) -> 0.010309278 | M9: 2 | N9: =IF(OR($F9="",M9=""),"",IF($F9=0,0,M9/$F9)) -> 0.020618557 | O9: 2 | P9: =IF(OR($F9="",O9=""),"",IF($F9=0,0,O9/$F9)) -> 0.020618557 | Q9: 2 | R9: =IF(OR($F9="",Q9=""),"",IF($F9=0,0,Q9/$F9)) -> 0.020618557 | S9: 1 | T9: =IF(OR($F9="",S9=""),"",IF($F9=0,0,S9/$F9)) -> 0.010309278 | U9: 1 | V9: =IF(OR($F9="",U9=""),"",IF($F9=0,0,U9/$F9)) -> 0.010309278 | W9: 2 | X9: =IF(OR($F9="",W9=""),"",IF($F9=0,0,W9/$F9)) -> 0.020618557 | Y9: 4 | Z9: =IF(OR($F9="",Y9=""),"",IF($F9=0,0,Y9/$F9)) -> 0.041237113 | AA9: 3 | AB9: =IF(OR($F9="",AA9=""),"",IF($F9=0,0,AA9/$F9)) -> 0.030927835 | AC9: 4 | AD9: =IF(OR($F9="",AC9=""),"",IF($F9=0,0,AC9/$F9)) -> 0.041237113 | AE9: 1 | AF9: =IF(OR($F9="",AE9=""),"",IF($F9=0,0,AE9/$F9)) -> 0.010309278 | AG9: 2 | AH9: =IF(OR($F9="",AG9=""),"",IF($F9=0,0,AG9/$F9)) -> 0.020618557 | AI9: 3 | AJ9: =IF(OR($F9="",AI9=""),"",IF($F9=0,0,AI9/$F9)) -> 0.030927835 | AK9: 1 | AL9: =IF(OR($F9="",AK9=""),"",IF($F9=0,0,AK9/$F9)) -> 0.010309278 | AM9: 0 | AN9: =IF(OR($F9="",AM9=""),"",IF($F9=0,0,AM9/$F9)) -> 0 | AO9: 1 | AP9: =IF(OR($F9="",AO9=""),"",IF($F9=0,0,AO9/$F9)) -> 0.010309278 | AQ9: 0 | AR9: =IF(OR($F9="",AQ9=""),"",IF($F9=0,0,AQ9/$F9)) -> 0 | AS9: 4 | AT9: =IF(OR($F9="",AS9=""),"",IF($F9=0,0,AS9/$F9)) -> 0.041237113 | AU9: 5 | AV9: =IF(OR($F9="",AU9=""),"",IF($F9=0,0,AU9/$F9)) -> 0.051546392 | AW9: 4 | AX9: =IF(OR($F9="",AW9=""),"",IF($F9=0,0,AW9/$F9)) -> 0.041237113 | AY9: 6 | AZ9: =IF(OR($F9="",AY9=""),"",IF($F9=0,0,AY9/$F9)) -> 0.06185567 | BA9: اليوم الوطني | BC9: اليوم الوطني | BE9: 5 | BF9: =IF(OR($F9="",BE9=""),"",IF($F9=0,0,BE9/$F9)) -> 0.051546392 | BG9: 2 | BH9: =IF(OR($F9="",BG9=""),"",IF($F9=0,0,BG9/$F9)) -> 0.020618557 | BI9: 0 | BJ9: =IF(OR($F9="",BI9=""),"",IF($F9=0,0,BI9/$F9)) -> 0 | BK9: 3 | BL9: =IF(OR($F9="",BK9=""),"",IF($F9=0,0,BK9/$F9)) -> 0.030927835 | BM9: 5 | BN9: =IF(OR($F9="",BM9=""),"",IF($F9=0,0,BM9/$F9)) -> 0.051546392 | BO9: 4 | BP9: =IF(OR($F9="",BO9=""),"",IF($F9=0,0,BO9/$F9)) -> 0.041237113 | BQ9: 2 | BR9: =IF(OR($F9="",BQ9=""),"",IF($F9=0,0,BQ9/$F9)) -> 0.020618557 | BS9: 2 | BT9: =IF(OR($F9="",BS9=""),"",IF($F9=0,0,BS9/$F9)) -> 0.020618557 | BU9: 3 | BV9: =IF(OR($F9="",BU9=""),"",IF($F9=0,0,BU9/$F9)) -> 0.030927835 | BW9: 2 | BX9: =IF(OR($F9="",BW9=""),"",IF($F9=0,0,BW9/$F9)) -> 0.020618557 | BY9: 0 | BZ9: =IF(OR($F9="",BY9=""),"",IF($F9=0,0,BY9/$F9)) -> 0 | CA9: 3 | CB9: =IF(OR($F9="",CA9=""),"",IF($F9=0,0,CA9/$F9)) -> 0.030927835 | CC9: 0 | CD9: =IF(OR($F9="",CC9=""),"",IF($F9=0,0,CC9/$F9)) -> 0 | CE9: 1 | CF9: =IF(OR($F9="",CE9=""),"",IF($F9=0,0,CE9/$F9)) -> 0.010309278 | CG9: 2 | CH9: =IF(OR($F9="",CG9=""),"",IF($F9=0,0,CG9/$F9)) -> 0.020618557 | CJ9: =IF(OR($F9="",CI9=""),"",IF($F9=0,0,CI9/$F9)) | CL9: =IF(OR($F9="",CK9=""),"",IF($F9=0,0,CK9/$F9)) | CN9: =IF(OR($F9="",CM9=""),"",IF($F9=0,0,CM9/$F9)) | CP9: =IF(OR($F9="",CO9=""),"",IF($F9=0,0,CO9/$F9)) | CR9: =IF(OR($F9="",CQ9=""),"",IF($F9=0,0,CQ9/$F9)) | CT9: =IF(OR($F9="",CS9=""),"",IF($F9=0,0,CS9/$F9)) | CV9: =IF(OR($F9="",CU9=""),"",IF($F9=0,0,CU9/$F9)) | CX9: =IF(OR($F9="",CW9=""),"",IF($F9=0,0,CW9/$F9)) | CZ9: =IF(OR($F9="",CY9=""),"",IF($F9=0,0,CY9/$F9)) | DB9: =IF(OR($F9="",DA9=""),"",IF($F9=0,0,DA9/$F9)) | DD9: =IF(OR($F9="",DC9=""),"",IF($F9=0,0,DC9/$F9)) | DF9: =IF(OR($F9="",DE9=""),"",IF($F9=0,0,DE9/$F9)) | DH9: =IF(OR($F9="",DG9=""),"",IF($F9=0,0,DG9/$F9)) | DJ9: =IF(OR($F9="",DI9=""),"",IF($F9=0,0,DI9/$F9)) | DL9: =IF(OR($F9="",DK9=""),"",IF($F9=0,0,DK9/$F9)) | DN9: =IF(OR($F9="",DM9=""),"",IF($F9=0,0,DM9/$F9)) | DP9: =IF(OR($F9="",DO9=""),"",IF($F9=0,0,DO9/$F9)) | DR9: =IF(OR($F9="",DQ9=""),"",IF($F9=0,0,DQ9/$F9)) | DT9: =IF(OR($F9="",DS9=""),"",IF($F9=0,0,DS9/$F9)) | DV9: =IF(OR($F9="",DU9=""),"",IF($F9=0,0,DU9/$F9)) | DX9: =IF(OR($F9="",DW9=""),"",IF($F9=0,0,DW9/$F9)) | DZ9: =IF(OR($F9="",DY9=""),"",IF($F9=0,0,DY9/$F9)) | EB9: =IF(OR($F9="",EA9=""),"",IF($F9=0,0,EA9/$F9)) | ED9: =IF(OR($F9="",EC9=""),"",IF($F9=0,0,EC9/$F9)) | EF9: =IF(OR($F9="",EE9=""),"",IF($F9=0,0,EE9/$F9)) | EH9: =IF(OR($F9="",EG9=""),"",IF($F9=0,0,EG9/$F9)) | EJ9: =IF(OR($F9="",EI9=""),"",IF($F9=0,0,EI9/$F9)) | EL9: =IF(OR($F9="",EK9=""),"",IF($F9=0,0,EK9/$F9)) | EN9: =IF(OR($F9="",EM9=""),"",IF($F9=0,0,EM9/$F9)) | EP9: =IF(OR($F9="",EO9=""),"",IF($F9=0,0,EO9/$F9)) | ER9: =IF(OR($F9="",EQ9=""),"",IF($F9=0,0,EQ9/$F9)) | ET9: =IF(OR($F9="",ES9=""),"",IF($F9=0,0,ES9/$F9)) | EV9: =IF(OR($F9="",EU9=""),"",IF($F9=0,0,EU9/$F9)) | EX9: =IF(OR($F9="",EW9=""),"",IF($F9=0,0,EW9/$F9)) | EZ9: =IF(OR($F9="",EY9=""),"",IF($F9=0,0,EY9/$F9)) | FB9: =IF(OR($F9="",FA9=""),"",IF($F9=0,0,FA9/$F9)) | FD9: =IF(OR($F9="",FC9=""),"",IF($F9=0,0,FC9/$F9)) | FF9: =IF(OR($F9="",FE9=""),"",IF($F9=0,0,FE9/$F9)) | FH9: =IF(OR($F9="",FG9=""),"",IF($F9=0,0,FG9/$F9)) | FJ9: =IF(OR($F9="",FI9=""),"",IF($F9=0,0,FI9/$F9)) | FL9: =IF(OR($F9="",FK9=""),"",IF($F9=0,0,FK9/$F9)) | FN9: =IF(OR($F9="",FM9=""),"",IF($F9=0,0,FM9/$F9)) | FP9: =IF(OR($F9="",FO9=""),"",IF($F9=0,0,FO9/$F9)) | FR9: =IF(OR($F9="",FQ9=""),"",IF($F9=0,0,FQ9/$F9)) | FT9: =IF(OR($F9="",FS9=""),"",IF($F9=0,0,FS9/$F9)) | FV9: =IF(OR($F9="",FU9=""),"",IF($F9=0,0,FU9/$F9)) | FX9: =IF(OR($F9="",FW9=""),"",IF($F9=0,0,FW9/$F9)) | FZ9: =IF(OR($F9="",FY9=""),"",IF($F9=0,0,FY9/$F9)) | GB9: =IF(OR($F9="",GA9=""),"",IF($F9=0,0,GA9/$F9)) | GD9: =IF(OR($F9="",GC9=""),"",IF($F9=0,0,GC9/$F9)) | GF9: =IF(OR($F9="",GE9=""),"",IF($F9=0,0,GE9/$F9)) | GH9: =IF(OR($F9="",GG9=""),"",IF($F9=0,0,GG9/$F9)) | GJ9: =IF(OR($F9="",GI9=""),"",IF($F9=0,0,GI9/$F9)) | GL9: =IF(OR($F9="",GK9=""),"",IF($F9=0,0,GK9/$F9)) | GN9: =IF(OR($F9="",GM9=""),"",IF($F9=0,0,GM9/$F9))
A10: 5 | B10: وثيلان وعشيران | C10: المتوسطة | D10: 17276 | E10: بنين | F10: 50 | G10: 0 | H10: =IF(OR($F10="",G10=""),"",IF($F10=0,0,G10/$F10)) -> 0 | I10: 1 | J10: =IF(OR($F10="",I10=""),"",IF($F10=0,0,I10/$F10)) -> 0.02 | K10: 0 | L10: =IF(OR($F10="",K10=""),"",IF($F10=0,0,K10/$F10)) -> 0 | M10: 0 | N10: 0 | O10: 1 | P10: =IF(OR($F10="",O10=""),"",IF($F10=0,0,O10/$F10)) -> 0.02 | Q10: 2 | R10: =IF(OR($F10="",Q10=""),"",IF($F10=0,0,Q10/$F10)) -> 0.04 | S10: 1 | T10: =IF(OR($F10="",S10=""),"",IF($F10=0,0,S10/$F10)) -> 0.02 | U10: 1 | V10: =IF(OR($F10="",U10=""),"",IF($F10=0,0,U10/$F10)) -> 0.02 | W10: 2 | X10: =IF(OR($F10="",W10=""),"",IF($F10=0,0,W10/$F10)) -> 0.04 | Y10: 1 | Z10: =IF(OR($F10="",Y10=""),"",IF($F10=0,0,Y10/$F10)) -> 0.02 | AA10: 2 | AB10: =IF(OR($F10="",AA10=""),"",IF($F10=0,0,AA10/$F10)) -> 0.04 | AC10: 3 | AD10: =IF(OR($F10="",AC10=""),"",IF($F10=0,0,AC10/$F10)) -> 0.06 | AE10: 2 | AF10: =IF(OR($F10="",AE10=""),"",IF($F10=0,0,AE10/$F10)) -> 0.04 | AG10: 2 | AH10: =IF(OR($F10="",AG10=""),"",IF($F10=0,0,AG10/$F10)) -> 0.04 | AI10: 3 | AJ10: =IF(OR($F10="",AI10=""),"",IF($F10=0,0,AI10/$F10)) -> 0.06 | AK10: 2 | AL10: =IF(OR($F10="",AK10=""),"",IF($F10=0,0,AK10/$F10)) -> 0.04 | AM10: 1 | AN10: =IF(OR($F10="",AM10=""),"",IF($F10=0,0,AM10/$F10)) -> 0.02 | AO10: 2 | AP10: =IF(OR($F10="",AO10=""),"",IF($F10=0,0,AO10/$F10)) -> 0.04 | AQ10: 1 | AR10: =IF(OR($F10="",AQ10=""),"",IF($F10=0,0,AQ10/$F10)) -> 0.02 | AS10: 2 | AT10: =IF(OR($F10="",AS10=""),"",IF($F10=0,0,AS10/$F10)) -> 0.04 | AU10: 3 | AV10: =IF(OR($F10="",AU10=""),"",IF($F10=0,0,AU10/$F10)) -> 0.06 | AW10: 2 | AX10: =IF(OR($F10="",AW10=""),"",IF($F10=0,0,AW10/$F10)) -> 0.04 | AY10: 2 | AZ10: =IF(OR($F10="",AY10=""),"",IF($F10=0,0,AY10/$F10)) -> 0.04 | BA10: اليوم الوطني | BC10: اليوم الوطني | BE10: 0 | BF10: =IF(OR($F10="",BE10=""),"",IF($F10=0,0,BE10/$F10)) -> 0 | BG10: 0 | BH10: =IF(OR($F10="",BG10=""),"",IF($F10=0,0,BG10/$F10)) -> 0 | BI10: 1 | BJ10: =IF(OR($F10="",BI10=""),"",IF($F10=0,0,BI10/$F10)) -> 0.02 | BK10: 2 | BL10: =IF(OR($F10="",BK10=""),"",IF($F10=0,0,BK10/$F10)) -> 0.04 | BM10: 3 | BN10: =IF(OR($F10="",BM10=""),"",IF($F10=0,0,BM10/$F10)) -> 0.06 | BO10: 1 | BP10: =IF(OR($F10="",BO10=""),"",IF($F10=0,0,BO10/$F10)) -> 0.02 | BQ10: 0 | BR10: =IF(OR($F10="",BQ10=""),"",IF($F10=0,0,BQ10/$F10)) -> 0 | BS10: 1 | BT10: =IF(OR($F10="",BS10=""),"",IF($F10=0,0,BS10/$F10)) -> 0.02 | BU10: 0 | BV10: =IF(OR($F10="",BU10=""),"",IF($F10=0,0,BU10/$F10)) -> 0 | BW10: 2 | BX10: =IF(OR($F10="",BW10=""),"",IF($F10=0,0,BW10/$F10)) -> 0.04 | BY10: 2 | BZ10: =IF(OR($F10="",BY10=""),"",IF($F10=0,0,BY10/$F10)) -> 0.04 | CA10: 2 | CB10: =IF(OR($F10="",CA10=""),"",IF($F10=0,0,CA10/$F10)) -> 0.04 | CC10: 1 | CD10: =IF(OR($F10="",CC10=""),"",IF($F10=0,0,CC10/$F10)) -> 0.02 | CE10: 2 | CF10: =IF(OR($F10="",CE10=""),"",IF($F10=0,0,CE10/$F10)) -> 0.04 | CG10: 1 | CH10: =IF(OR($F10="",CG10=""),"",IF($F10=0,0,CG10/$F10)) -> 0.02 | CJ10: =IF(OR($F10="",CI10=""),"",IF($F10=0,0,CI10/$F10)) | CL10: =IF(OR($F10="",CK10=""),"",IF($F10=0,0,CK10/$F10)) | CN10: =IF(OR($F10="",CM10=""),"",IF($F10=0,0,CM10/$F10)) | CP10: =IF(OR($F10="",CO10=""),"",IF($F10=0,0,CO10/$F10)) | CR10: =IF(OR($F10="",CQ10=""),"",IF($F10=0,0,CQ10/$F10)) | CT10: =IF(OR($F10="",CS10=""),"",IF($F10=0,0,CS10/$F10)) | CV10: =IF(OR($F10="",CU10=""),"",IF($F10=0,0,CU10/$F10)) | CX10: =IF(OR($F10="",CW10=""),"",IF($F10=0,0,CW10/$F10)) | CZ10: =IF(OR($F10="",CY10=""),"",IF($F10=0,0,CY10/$F10)) | DB10: =IF(OR($F10="",DA10=""),"",IF($F10=0,0,DA10/$F10)) | DD10: =IF(OR($F10="",DC10=""),"",IF($F10=0,0,DC10/$F10)) | DF10: =IF(OR($F10="",DE10=""),"",IF($F10=0,0,DE10/$F10)) | DH10: =IF(OR($F10="",DG10=""),"",IF($F10=0,0,DG10/$F10)) | DJ10: =IF(OR($F10="",DI10=""),"",IF($F10=0,0,DI10/$F10)) | DL10: =IF(OR($F10="",DK10=""),"",IF($F10=0,0,DK10/$F10)) | DN10: =IF(OR($F10="",DM10=""),"",IF($F10=0,0,DM10/$F10)) | DP10: =IF(OR($F10="",DO10=""),"",IF($F10=0,0,DO10/$F10)) | DR10: =IF(OR($F10="",DQ10=""),"",IF($F10=0,0,DQ10/$F10)) | DT10: =IF(OR($F10="",DS10=""),"",IF($F10=0,0,DS10/$F10)) | DV10: =IF(OR($F10="",DU10=""),"",IF($F10=0,0,DU10/$F10)) | DX10: =IF(OR($F10="",DW10=""),"",IF($F10=0,0,DW10/$F10)) | DZ10: =IF(OR($F10="",DY10=""),"",IF($F10=0,0,DY10/$F10)) | EB10: =IF(OR($F10="",EA10=""),"",IF($F10=0,0,EA10/$F10)) | ED10: =IF(OR($F10="",EC10=""),"",IF($F10=0,0,EC10/$F10)) | EF10: =IF(OR($F10="",EE10=""),"",IF($F10=0,0,EE10/$F10)) | EH10: =IF(OR($F10="",EG10=""),"",IF($F10=0,0,EG10/$F10)) | EJ10: =IF(OR($F10="",EI10=""),"",IF($F10=0,0,EI10/$F10)) | EL10: =IF(OR($F10="",EK10=""),"",IF($F10=0,0,EK10/$F10)) | EN10: =IF(OR($F10="",EM10=""),"",IF($F10=0,0,EM10/$F10)) | EP10: =IF(OR($F10="",EO10=""),"",IF($F10=0,0,EO10/$F10)) | ER10: =IF(OR($F10="",EQ10=""),"",IF($F10=0,0,EQ10/$F10)) | ET10: =IF(OR($F10="",ES10=""),"",IF($F10=0,0,ES10/$F10)) | EV10: =IF(OR($F10="",EU10=""),"",IF($F10=0,0,EU10/$F10)) | EX10: =IF(OR($F10="",EW10=""),"",IF($F10=0,0,EW10/$F10)) | EZ10: =IF(OR($F10="",EY10=""),"",IF($F10=0,0,EY10/$F10)) | FB10: =IF(OR($F10="",FA10=""),"",IF($F10=0,0,FA10/$F10)) | FD10: =IF(OR($F10="",FC10=""),"",IF($F10=0,0,FC10/$F10)) | FF10: =IF(OR($F10="",FE10=""),"",IF($F10=0,0,FE10/$F10)) | FH10: =IF(OR($F10="",FG10=""),"",IF($F10=0,0,FG10/$F10)) | FJ10: =IF(OR($F10="",FI10=""),"",IF($F10=0,0,FI10/$F10)) | FL10: =IF(OR($F10="",FK10=""),"",IF($F10=0,0,FK10/$F10)) | FN10: =IF(OR($F10="",FM10=""),"",IF($F10=0,0,FM10/$F10)) | FP10: =IF(OR($F10="",FO10=""),"",IF($F10=0,0,FO10/$F10)) | FR10: =IF(OR($F10="",FQ10=""),"",IF($F10=0,0,FQ10/$F10)) | FT10: =IF(OR($F10="",FS10=""),"",IF($F10=0,0,FS10/$F10)) | FV10: =IF(OR($F10="",FU10=""),"",IF($F10=0,0,FU10/$F10)) | FX10: =IF(OR($F10="",FW10=""),"",IF($F10=0,0,FW10/$F10)) | FZ10: =IF(OR($F10="",FY10=""),"",IF($F10=0,0,FY10/$F10)) | GB10: =IF(OR($F10="",GA10=""),"",IF($F10=0,0,GA10/$F10)) | GD10: =IF(OR($F10="",GC10=""),"",IF($F10=0,0,GC10/$F10)) | GF10: =IF(OR($F10="",GE10=""),"",IF($F10=0,0,GE10/$F10)) | GH10: =IF(OR($F10="",GG10=""),"",IF($F10=0,0,GG10/$F10)) | GJ10: =IF(OR($F10="",GI10=""),"",IF($F10=0,0,GI10/$F10)) | GL10: =IF(OR($F10="",GK10=""),"",IF($F10=0,0,GK10/$F10)) | GN10: =IF(OR($F10="",GM10=""),"",IF($F10=0,0,GM10/$F10))
A11: 6 | B11: وثيلان وعشيران | C11: الابتدائية | D11: 17217 | E11: بنين | F11: 112 | G11: 0 | H11: =IF(OR($F11="",G11=""),"",IF($F11=0,0,G11/$F11)) -> 0 | I11: 2 | J11: =IF(OR($F11="",I11=""),"",IF($F11=0,0,I11/$F11)) -> 0.017857143 | K11: 1 | L11: =IF(OR($F11="",K11=""),"",IF($F11=0,0,K11/$F11)) -> 0.0089285714 | M11: 0 | N11: =IF(OR($F11="",M11=""),"",IF($F11=0,0,M11/$F11)) -> 0 | O11: 1 | P11: =IF(OR($F11="",O11=""),"",IF($F11=0,0,O11/$F11)) -> 0.0089285714 | Q11: 2 | R11: =IF(OR($F11="",Q11=""),"",IF($F11=0,0,Q11/$F11)) -> 0.017857143 | S11: 1 | T11: =IF(OR($F11="",S11=""),"",IF($F11=0,0,S11/$F11)) -> 0.0089285714 | U11: 3 | V11: =IF(OR($F11="",U11=""),"",IF($F11=0,0,U11/$F11)) -> 0.026785714 | W11: 4 | X11: =IF(OR($F11="",W11=""),"",IF($F11=0,0,W11/$F11)) -> 0.035714286 | Y11: 6 | Z11: =IF(OR($F11="",Y11=""),"",IF($F11=0,0,Y11/$F11)) -> 0.053571429 | AA11: 3 | AB11: =IF(OR($F11="",AA11=""),"",IF($F11=0,0,AA11/$F11)) -> 0.026785714 | AC11: 5 | AD11: =IF(OR($F11="",AC11=""),"",IF($F11=0,0,AC11/$F11)) -> 0.044642857 | AE11: 6 | AF11: =IF(OR($F11="",AE11=""),"",IF($F11=0,0,AE11/$F11)) -> 0.053571429 | AG11: 1 | AH11: =IF(OR($F11="",AG11=""),"",IF($F11=0,0,AG11/$F11)) -> 0.0089285714 | AI11: 4 | AJ11: =IF(OR($F11="",AI11=""),"",IF($F11=0,0,AI11/$F11)) -> 0.035714286 | AK11: 3 | AL11: =IF(OR($F11="",AK11=""),"",IF($F11=0,0,AK11/$F11)) -> 0.026785714 | AM11: 2 | AN11: =IF(OR($F11="",AM11=""),"",IF($F11=0,0,AM11/$F11)) -> 0.017857143 | AO11: 0 | AP11: =IF(OR($F11="",AO11=""),"",IF($F11=0,0,AO11/$F11)) -> 0 | AQ11: 1 | AR11: =IF(OR($F11="",AQ11=""),"",IF($F11=0,0,AQ11/$F11)) -> 0.0089285714 | AS11: 7 | AT11: =IF(OR($F11="",AS11=""),"",IF($F11=0,0,AS11/$F11)) -> 0.0625 | AU11: 6 | AV11: =IF(OR($F11="",AU11=""),"",IF($F11=0,0,AU11/$F11)) -> 0.053571429 | AW11: 3 | AX11: =IF(OR($F11="",AW11=""),"",IF($F11=0,0,AW11/$F11)) -> 0.026785714 | AY11: 7 | AZ11: =IF(OR($F11="",AY11=""),"",IF($F11=0,0,AY11/$F11)) -> 0.0625 | BA11: اليوم الوطني | BC11: اليوم الوطني | BE11: 7 | BF11: =IF(OR($F11="",BE11=""),"",IF($F11=0,0,BE11/$F11)) -> 0.0625 | BG11: 1 | BH11: =IF(OR($F11="",BG11=""),"",IF($F11=0,0,BG11/$F11)) -> 0.0089285714 | BI11: 5 | BJ11: =IF(OR($F11="",BI11=""),"",IF($F11=0,0,BI11/$F11)) -> 0.044642857 | BK11: 2 | BL11: =IF(OR($F11="",BK11=""),"",IF($F11=0,0,BK11/$F11)) -> 0.017857143 | BM11: 5 | BN11: =IF(OR($F11="",BM11=""),"",IF($F11=0,0,BM11/$F11)) -> 0.044642857 | BO11: 3 | BP11: =IF(OR($F11="",BO11=""),"",IF($F11=0,0,BO11/$F11)) -> 0.026785714 | BQ11: 2 | BR11: =IF(OR($F11="",BQ11=""),"",IF($F11=0,0,BQ11/$F11)) -> 0.017857143 | BS11: 3 | BT11: =IF(OR($F11="",BS11=""),"",IF($F11=0,0,BS11/$F11)) -> 0.026785714 | BU11: 2 | BV11: =IF(OR($F11="",BU11=""),"",IF($F11=0,0,BU11/$F11)) -> 0.017857143 | BW11: 3 | BX11: =IF(OR($F11="",BW11=""),"",IF($F11=0,0,BW11/$F11)) -> 0.026785714 | BY11: 3 | BZ11: =IF(OR($F11="",BY11=""),"",IF($F11=0,0,BY11/$F11)) -> 0.026785714 | CA11: 4 | CB11: =IF(OR($F11="",CA11=""),"",IF($F11=0,0,CA11/$F11)) -> 0.035714286 | CC11: 1 | CD11: =IF(OR($F11="",CC11=""),"",IF($F11=0,0,CC11/$F11)) -> 0.0089285714 | CE11: 2 | CF11: =IF(OR($F11="",CE11=""),"",IF($F11=0,0,CE11/$F11)) -> 0.017857143 | CG11: 2 | CH11: =IF(OR($F11="",CG11=""),"",IF($F11=0,0,CG11/$F11)) -> 0.017857143 | CJ11: =IF(OR($F11="",CI11=""),"",IF($F11=0,0,CI11/$F11)) | CL11: =IF(OR($F11="",CK11=""),"",IF($F11=0,0,CK11/$F11)) | CN11: =IF(OR($F11="",CM11=""),"",IF($F11=0,0,CM11/$F11)) | CP11: =IF(OR($F11="",CO11=""),"",IF($F11=0,0,CO11/$F11)) | CR11: =IF(OR($F11="",CQ11=""),"",IF($F11=0,0,CQ11/$F11)) | CT11: =IF(OR($F11="",CS11=""),"",IF($F11=0,0,CS11/$F11)) | CV11: =IF(OR($F11="",CU11=""),"",IF($F11=0,0,CU11/$F11)) | CX11: =IF(OR($F11="",CW11=""),"",IF($F11=0,0,CW11/$F11)) | CZ11: =IF(OR($F11="",CY11=""),"",IF($F11=0,0,CY11/$F11)) | DB11: =IF(OR($F11="",DA11=""),"",IF($F11=0,0,DA11/$F11)) | DD11: =IF(OR($F11="",DC11=""),"",IF($F11=0,0,DC11/$F11)) | DF11: =IF(OR($F11="",DE11=""),"",IF($F11=0,0,DE11/$F11)) | DH11: =IF(OR($F11="",DG11=""),"",IF($F11=0,0,DG11/$F11)) | DJ11: =IF(OR($F11="",DI11=""),"",IF($F11=0,0,DI11/$F11)) | DL11: =IF(OR($F11="",DK11=""),"",IF($F11=0,0,DK11/$F11)) | DN11: =IF(OR($F11="",DM11=""),"",IF($F11=0,0,DM11/$F11)) | DP11: =IF(OR($F11="",DO11=""),"",IF($F11=0,0,DO11/$F11)) | DR11: =IF(OR($F11="",DQ11=""),"",IF($F11=0,0,DQ11/$F11)) | DT11: =IF(OR($F11="",DS11=""),"",IF($F11=0,0,DS11/$F11)) | DV11: =IF(OR($F11="",DU11=""),"",IF($F11=0,0,DU11/$F11)) | DX11: =IF(OR($F11="",DW11=""),"",IF($F11=0,0,DW11/$F11)) | DZ11: =IF(OR($F11="",DY11=""),"",IF($F11=0,0,DY11/$F11)) | EB11: =IF(OR($F11="",EA11=""),"",IF($F11=0,0,EA11/$F11)) | ED11: =IF(OR($F11="",EC11=""),"",IF($F11=0,0,EC11/$F11)) | EF11: =IF(OR($F11="",EE11=""),"",IF($F11=0,0,EE11/$F11)) | EH11: =IF(OR($F11="",EG11=""),"",IF($F11=0,0,EG11/$F11)) | EJ11: =IF(OR($F11="",EI11=""),"",IF($F11=0,0,EI11/$F11)) | EL11: =IF(OR($F11="",EK11=""),"",IF($F11=0,0,EK11/$F11)) | EN11: =IF(OR($F11="",EM11=""),"",IF($F11=0,0,EM11/$F11)) | EP11: =IF(OR($F11="",EO11=""),"",IF($F11=0,0,EO11/$F11)) | ER11: =IF(OR($F11="",EQ11=""),"",IF($F11=0,0,EQ11/$F11)) | ET11: =IF(OR($F11="",ES11=""),"",IF($F11=0,0,ES11/$F11)) | EV11: =IF(OR($F11="",EU11=""),"",IF($F11=0,0,EU11/$F11)) | EX11: =IF(OR($F11="",EW11=""),"",IF($F11=0,0,EW11/$F11)) | EZ11: =IF(OR($F11="",EY11=""),"",IF($F11=0,0,EY11/$F11)) | FB11: =IF(OR($F11="",FA11=""),"",IF($F11=0,0,FA11/$F11)) | FD11: =IF(OR($F11="",FC11=""),"",IF($F11=0,0,FC11/$F11)) | FF11: =IF(OR($F11="",FE11=""),"",IF($F11=0,0,FE11/$F11)) | FH11: =IF(OR($F11="",FG11=""),"",IF($F11=0,0,FG11/$F11)) | FJ11: =IF(OR($F11="",FI11=""),"",IF($F11=0,0,FI11/$F11)) | FL11: =IF(OR($F11="",FK11=""),"",IF($F11=0,0,FK11/$F11)) | FN11: =IF(OR($F11="",FM11=""),"",IF($F11=0,0,FM11/$F11)) | FP11: =IF(OR($F11="",FO11=""),"",IF($F11=0,0,FO11/$F11)) | FR11: =IF(OR($F11="",FQ11=""),"",IF($F11=0,0,FQ11/$F11)) | FT11: =IF(OR($F11="",FS11=""),"",IF($F11=0,0,FS11/$F11)) | FV11: =IF(OR($F11="",FU11=""),"",IF($F11=0,0,FU11/$F11)) | FX11: =IF(OR($F11="",FW11=""),"",IF($F11=0,0,FW11/$F11)) | FZ11: =IF(OR($F11="",FY11=""),"",IF($F11=0,0,FY11/$F11)) | GB11: =IF(OR($F11="",GA11=""),"",IF($F11=0,0,GA11/$F11)) | GD11: =IF(OR($F11="",GC11=""),"",IF($F11=0,0,GC11/$F11)) | GF11: =IF(OR($F11="",GE11=""),"",IF($F11=0,0,GE11/$F11)) | GH11: =IF(OR($F11="",GG11=""),"",IF($F11=0,0,GG11/$F11)) | GJ11: =IF(OR($F11="",GI11=""),"",IF($F11=0,0,GI11/$F11)) | GL11: =IF(OR($F11="",GK11=""),"",IF($F11=0,0,GK11/$F11)) | GN11: =IF(OR($F11="",GM11=""),"",IF($F11=0,0,GM11/$F11))
A12: 7 | H12: =IF(OR($F12="",G12=""),"",IF($F12=0,0,G12/$F12)) | J12: =IF(OR($F12="",I12=""),"",IF($F12=0,0,I12/$F12)) | L12: =IF(OR($F12="",K12=""),"",IF($F12=0,0,K12/$F12)) | N12: =IF(OR($F12="",M12=""),"",IF($F12=0,0,M12/$F12)) | P12: =IF(OR($F12="",O12=""),"",IF($F12=0,0,O12/$F12)) | R12: =IF(OR($F12="",Q12=""),"",IF($F12=0,0,Q12/$F12)) | T12: =IF(OR($F12="",S12=""),"",IF($F12=0,0,S12/$F12)) | V12: =IF(OR($F12="",U12=""),"",IF($F12=0,0,U12/$F12)) | X12: =IF(OR($F12="",W12=""),"",IF($F12=0,0,W12/$F12)) | Z12: =IF(OR($F12="",Y12=""),"",IF($F12=0,0,Y12/$F12)) | AB12: =IF(OR($F12="",AA12=""),"",IF($F12=0,0,AA12/$F12)) | AD12: =IF(OR($F12="",AC12=""),"",IF($F12=0,0,AC12/$F12)) | AF12: =IF(OR($F12="",AE12=""),"",IF($F12=0,0,AE12/$F12)) | AH12: =IF(OR($F12="",AG12=""),"",IF($F12=0,0,AG12/$F12)) | AJ12: =IF(OR($F12="",AI12=""),"",IF($F12=0,0,AI12/$F12)) | AL12: =IF(OR($F12="",AK12=""),"",IF($F12=0,0,AK12/$F12)) | AN12: =IF(OR($F12="",AM12=""),"",IF($F12=0,0,AM12/$F12)) | AP12: =IF(OR($F12="",AO12=""),"",IF($F12=0,0,AO12/$F12)) | AR12: =IF(OR($F12="",AQ12=""),"",IF($F12=0,0,AQ12/$F12)) | AT12: =IF(OR($F12="",AS12=""),"",IF($F12=0,0,AS12/$F12)) | AV12: =IF(OR($F12="",AU12=""),"",IF($F12=0,0,AU12/$F12)) | AX12: =IF(OR($F12="",AW12=""),"",IF($F12=0,0,AW12/$F12)) | AZ12: =IF(OR($F12="",AY12=""),"",IF($F12=0,0,AY12/$F12)) | BA12: إجازة | BB12: =IF(OR($F12="",BA12=""),"",IF($F12=0,0,BA12/$F12)) | BC12: إجازة | BD12: =IF(OR($F12="",BC12=""),"",IF($F12=0,0,BC12/$F12)) | BF12: =IF(OR($F12="",BE12=""),"",IF($F12=0,0,BE12/$F12)) | BH12: =IF(OR($F12="",BG12=""),"",IF($F12=0,0,BG12/$F12)) | BJ12: =IF(OR($F12="",BI12=""),"",IF($F12=0,0,BI12/$F12)) | BL12: =IF(OR($F12="",BK12=""),"",IF($F12=0,0,BK12/$F12)) | BN12: =IF(OR($F12="",BM12=""),"",IF($F12=0,0,BM12/$F12)) | BP12: =IF(OR($F12="",BO12=""),"",IF($F12=0,0,BO12/$F12)) | BR12: =IF(OR($F12="",BQ12=""),"",IF($F12=0,0,BQ12/$F12)) | BT12: =IF(OR($F12="",BS12=""),"",IF($F12=0,0,BS12/$F12)) | BV12: =IF(OR($F12="",BU12=""),"",IF($F12=0,0,BU12/$F12)) | BX12: =IF(OR($F12="",BW12=""),"",IF($F12=0,0,BW12/$F12)) | BZ12: =IF(OR($F12="",BY12=""),"",IF($F12=0,0,BY12/$F12)) | CB12: =IF(OR($F12="",CA12=""),"",IF($F12=0,0,CA12/$F12)) | CD12: =IF(OR($F12="",CC12=""),"",IF($F12=0,0,CC12/$F12)) | CF12: =IF(OR($F12="",CE12=""),"",IF($F12=0,0,CE12/$F12)) | CH12: =IF(OR($F12="",CG12=""),"",IF($F12=0,0,CG12/$F12)) | CJ12: =IF(OR($F12="",CI12=""),"",IF($F12=0,0,CI12/$F12)) | CL12: =IF(OR($F12="",CK12=""),"",IF($F12=0,0,CK12/$F12)) | CN12: =IF(OR($F12="",CM12=""),"",IF($F12=0,0,CM12/$F12)) | CP12: =IF(OR($F12="",CO12=""),"",IF($F12=0,0,CO12/$F12)) | CR12: =IF(OR($F12="",CQ12=""),"",IF($F12=0,0,CQ12/$F12)) | CT12: =IF(OR($F12="",CS12=""),"",IF($F12=0,0,CS12/$F12)) | CV12: =IF(OR($F12="",CU12=""),"",IF($F12=0,0,CU12/$F12)) | CX12: =IF(OR($F12="",CW12=""),"",IF($F12=0,0,CW12/$F12)) | CZ12: =IF(OR($F12="",CY12=""),"",IF($F12=0,0,CY12/$F12)) | DB12: =IF(OR($F12="",DA12=""),"",IF($F12=0,0,DA12/$F12)) | DD12: =IF(OR($F12="",DC12=""),"",IF($F12=0,0,DC12/$F12)) | DF12: =IF(OR($F12="",DE12=""),"",IF($F12=0,0,DE12/$F12)) | DH12: =IF(OR($F12="",DG12=""),"",IF($F12=0,0,DG12/$F12)) | DJ12: =IF(OR($F12="",DI12=""),"",IF($F12=0,0,DI12/$F12)) | DL12: =IF(OR($F12="",DK12=""),"",IF($F12=0,0,DK12/$F12)) | DN12: =IF(OR($F12="",DM12=""),"",IF($F12=0,0,DM12/$F12)) | DP12: =IF(OR($F12="",DO12=""),"",IF($F12=0,0,DO12/$F12)) | DR12: =IF(OR($F12="",DQ12=""),"",IF($F12=0,0,DQ12/$F12)) | DT12: =IF(OR($F12="",DS12=""),"",IF($F12=0,0,DS12/$F12)) | DV12: =IF(OR($F12="",DU12=""),"",IF($F12=0,0,DU12/$F12)) | DX12: =IF(OR($F12="",DW12=""),"",IF($F12=0,0,DW12/$F12)) | DZ12: =IF(OR($F12="",DY12=""),"",IF($F12=0,0,DY12/$F12)) | EB12: =IF(OR($F12="",EA12=""),"",IF($F12=0,0,EA12/$F12)) | ED12: =IF(OR($F12="",EC12=""),"",IF($F12=0,0,EC12/$F12)) | EF12: =IF(OR($F12="",EE12=""),"",IF($F12=0,0,EE12/$F12)) | EH12: =IF(OR($F12="",EG12=""),"",IF($F12=0,0,EG12/$F12)) | EJ12: =IF(OR($F12="",EI12=""),"",IF($F12=0,0,EI12/$F12)) | EL12: =IF(OR($F12="",EK12=""),"",IF($F12=0,0,EK12/$F12)) | EN12: =IF(OR($F12="",EM12=""),"",IF($F12=0,0,EM12/$F12)) | EP12: =IF(OR($F12="",EO12=""),"",IF($F12=0,0,EO12/$F12)) | ER12: =IF(OR($F12="",EQ12=""),"",IF($F12=0,0,EQ12/$F12)) | ET12: =IF(OR($F12="",ES12=""),"",IF($F12=0,0,ES12/$F12)) | EV12: =IF(OR($F12="",EU12=""),"",IF($F12=0,0,EU12/$F12)) | EX12: =IF(OR($F12="",EW12=""),"",IF($F12=0,0,EW12/$F12)) | EZ12: =IF(OR($F12="",EY12=""),"",IF($F12=0,0,EY12/$F12)) | FB12: =IF(OR($F12="",FA12=""),"",IF($F12=0,0,FA12/$F12)) | FD12: =IF(OR($F12="",FC12=""),"",IF($F12=0,0,FC12/$F12)) | FF12: =IF(OR($F12="",FE12=""),"",IF($F12=0,0,FE12/$F12)) | FH12: =IF(OR($F12="",FG12=""),"",IF($F12=0,0,FG12/$F12)) | FJ12: =IF(OR($F12="",FI12=""),"",IF($F12=0,0,FI12/$F12)) | FL12: =IF(OR($F12="",FK12=""),"",IF($F12=0,0,FK12/$F12)) | FN12: =IF(OR($F12="",FM12=""),"",IF($F12=0,0,FM12/$F12)) | FP12: =IF(OR($F12="",FO12=""),"",IF($F12=0,0,FO12/$F12)) | FR12: =IF(OR($F12="",FQ12=""),"",IF($F12=0,0,FQ12/$F12)) | FT12: =IF(OR($F12="",FS12=""),"",IF($F12=0,0,FS12/$F12)) | FV12: =IF(OR($F12="",FU12=""),"",IF($F12=0,0,FU12/$F12)) | FX12: =IF(OR($F12="",FW12=""),"",IF($F12=0,0,FW12/$F12)) | FZ12: =IF(OR($F12="",FY12=""),"",IF($F12=0,0,FY12/$F12)) | GB12: =IF(OR($F12="",GA12=""),"",IF($F12=0,0,GA12/$F12)) | GD12: =IF(OR($F12="",GC12=""),"",IF($F12=0,0,GC12/$F12)) | GF12: =IF(OR($F12="",GE12=""),"",IF($F12=0,0,GE12/$F12)) | GH12: =IF(OR($F12="",GG12=""),"",IF($F12=0,0,GG12/$F12)) | GJ12: =IF(OR($F12="",GI12=""),"",IF($F12=0,0,GI12/$F12)) | GL12: =IF(OR($F12="",GK12=""),"",IF($F12=0,0,GK12/$F12)) | GN12: =IF(OR($F12="",GM12=""),"",IF($F12=0,0,GM12/$F12))
A13: 8 | H13: =IF(OR($F13="",G13=""),"",IF($F13=0,0,G13/$F13)) | J13: =IF(OR($F13="",I13=""),"",IF($F13=0,0,I13/$F13)) | L13: =IF(OR($F13="",K13=""),"",IF($F13=0,0,K13/$F13)) | N13: =IF(OR($F13="",M13=""),"",IF($F13=0,0,M13/$F13)) | P13: =IF(OR($F13="",O13=""),"",IF($F13=0,0,O13/$F13)) | R13: =IF(OR($F13="",Q13=""),"",IF($F13=0,0,Q13/$F13)) | T13: =IF(OR($F13="",S13=""),"",IF($F13=0,0,S13/$F13)) | V13: =IF(OR($F13="",U13=""),"",IF($F13=0,0,U13/$F13)) | X13: =IF(OR($F13="",W13=""),"",IF($F13=0,0,W13/$F13)) | Z13: =IF(OR($F13="",Y13=""),"",IF($F13=0,0,Y13/$F13)) | AB13: =IF(OR($F13="",AA13=""),"",IF($F13=0,0,AA13/$F13)) | AD13: =IF(OR($F13="",AC13=""),"",IF($F13=0,0,AC13/$F13)) | AF13: =IF(OR($F13="",AE13=""),"",IF($F13=0,0,AE13/$F13)) | AH13: =IF(OR($F13="",AG13=""),"",IF($F13=0,0,AG13/$F13)) | AJ13: =IF(OR($F13="",AI13=""),"",IF($F13=0,0,AI13/$F13)) | AL13: =IF(OR($F13="",AK13=""),"",IF($F13=0,0,AK13/$F13)) | AN13: =IF(OR($F13="",AM13=""),"",IF($F13=0,0,AM13/$F13)) | AP13: =IF(OR($F13="",AO13=""),"",IF($F13=0,0,AO13/$F13)) | AR13: =IF(OR($F13="",AQ13=""),"",IF($F13=0,0,AQ13/$F13)) | AT13: =IF(OR($F13="",AS13=""),"",IF($F13=0,0,AS13/$F13)) | AV13: =IF(OR($F13="",AU13=""),"",IF($F13=0,0,AU13/$F13)) | AX13: =IF(OR($F13="",AW13=""),"",IF($F13=0,0,AW13/$F13)) | AZ13: =IF(OR($F13="",AY13=""),"",IF($F13=0,0,AY13/$F13)) | BB13: =IF(OR($F13="",BA13=""),"",IF($F13=0,0,BA13/$F13)) | BD13: =IF(OR($F13="",BC13=""),"",IF($F13=0,0,BC13/$F13)) | BF13: =IF(OR($F13="",BE13=""),"",IF($F13=0,0,BE13/$F13)) | BH13: =IF(OR($F13="",BG13=""),"",IF($F13=0,0,BG13/$F13)) | BJ13: =IF(OR($F13="",BI13=""),"",IF($F13=0,0,BI13/$F13)) | BL13: =IF(OR($F13="",BK13=""),"",IF($F13=0,0,BK13/$F13)) | BN13: =IF(OR($F13="",BM13=""),"",IF($F13=0,0,BM13/$F13)) | BP13: =IF(OR($F13="",BO13=""),"",IF($F13=0,0,BO13/$F13)) | BR13: =IF(OR($F13="",BQ13=""),"",IF($F13=0,0,BQ13/$F13)) | BT13: =IF(OR($F13="",BS13=""),"",IF($F13=0,0,BS13/$F13)) | BV13: =IF(OR($F13="",BU13=""),"",IF($F13=0,0,BU13/$F13)) | BX13: =IF(OR($F13="",BW13=""),"",IF($F13=0,0,BW13/$F13)) | BZ13: =IF(OR($F13="",BY13=""),"",IF($F13=0,0,BY13/$F13)) | CB13: =IF(OR($F13="",CA13=""),"",IF($F13=0,0,CA13/$F13)) | CD13: =IF(OR($F13="",CC13=""),"",IF($F13=0,0,CC13/$F13)) | CF13: =IF(OR($F13="",CE13=""),"",IF($F13=0,0,CE13/$F13)) | CH13: =IF(OR($F13="",CG13=""),"",IF($F13=0,0,CG13/$F13)) | CJ13: =IF(OR($F13="",CI13=""),"",IF($F13=0,0,CI13/$F13)) | CL13: =IF(OR($F13="",CK13=""),"",IF($F13=0,0,CK13/$F13)) | CN13: =IF(OR($F13="",CM13=""),"",IF($F13=0,0,CM13/$F13)) | CP13: =IF(OR($F13="",CO13=""),"",IF($F13=0,0,CO13/$F13)) | CR13: =IF(OR($F13="",CQ13=""),"",IF($F13=0,0,CQ13/$F13)) | CT13: =IF(OR($F13="",CS13=""),"",IF($F13=0,0,CS13/$F13)) | CV13: =IF(OR($F13="",CU13=""),"",IF($F13=0,0,CU13/$F13)) | CX13: =IF(OR($F13="",CW13=""),"",IF($F13=0,0,CW13/$F13)) | CZ13: =IF(OR($F13="",CY13=""),"",IF($F13=0,0,CY13/$F13)) | DB13: =IF(OR($F13="",DA13=""),"",IF($F13=0,0,DA13/$F13)) | DD13: =IF(OR($F13="",DC13=""),"",IF($F13=0,0,DC13/$F13)) | DF13: =IF(OR($F13="",DE13=""),"",IF($F13=0,0,DE13/$F13)) | DH13: =IF(OR($F13="",DG13=""),"",IF($F13=0,0,DG13/$F13)) | DJ13: =IF(OR($F13="",DI13=""),"",IF($F13=0,0,DI13/$F13)) | DL13: =IF(OR($F13="",DK13=""),"",IF($F13=0,0,DK13/$F13)) | DN13: =IF(OR($F13="",DM13=""),"",IF($F13=0,0,DM13/$F13)) | DP13: =IF(OR($F13="",DO13=""),"",IF($F13=0,0,DO13/$F13)) | DR13: =IF(OR($F13="",DQ13=""),"",IF($F13=0,0,DQ13/$F13)) | DT13: =IF(OR($F13="",DS13=""),"",IF($F13=0,0,DS13/$F13)) | DV13: =IF(OR($F13="",DU13=""),"",IF($F13=0,0,DU13/$F13)) | DX13: =IF(OR($F13="",DW13=""),"",IF($F13=0,0,DW13/$F13)) | DZ13: =IF(OR($F13="",DY13=""),"",IF($F13=0,0,DY13/$F13)) | EB13: =IF(OR($F13="",EA13=""),"",IF($F13=0,0,EA13/$F13)) | ED13: =IF(OR($F13="",EC13=""),"",IF($F13=0,0,EC13/$F13)) | EF13: =IF(OR($F13="",EE13=""),"",IF($F13=0,0,EE13/$F13)) | EH13: =IF(OR($F13="",EG13=""),"",IF($F13=0,0,EG13/$F13)) | EJ13: =IF(OR($F13="",EI13=""),"",IF($F13=0,0,EI13/$F13)) | EL13: =IF(OR($F13="",EK13=""),"",IF($F13=0,0,EK13/$F13)) | EN13: =IF(OR($F13="",EM13=""),"",IF($F13=0,0,EM13/$F13)) | EP13: =IF(OR($F13="",EO13=""),"",IF($F13=0,0,EO13/$F13)) | ER13: =IF(OR($F13="",EQ13=""),"",IF($F13=0,0,EQ13/$F13)) | ET13: =IF(OR($F13="",ES13=""),"",IF($F13=0,0,ES13/$F13)) | EV13: =IF(OR($F13="",EU13=""),"",IF($F13=0,0,EU13/$F13)) | EX13: =IF(OR($F13="",EW13=""),"",IF($F13=0,0,EW13/$F13)) | EZ13: =IF(OR($F13="",EY13=""),"",IF($F13=0,0,EY13/$F13)) | FB13: =IF(OR($F13="",FA13=""),"",IF($F13=0,0,FA13/$F13)) | FD13: =IF(OR($F13="",FC13=""),"",IF($F13=0,0,FC13/$F13)) | FF13: =IF(OR($F13="",FE13=""),"",IF($F13=0,0,FE13/$F13)) | FH13: =IF(OR($F13="",FG13=""),"",IF($F13=0,0,FG13/$F13)) | FJ13: =IF(OR($F13="",FI13=""),"",IF($F13=0,0,FI13/$F13)) | FL13: =IF(OR($F13="",FK13=""),"",IF($F13=0,0,FK13/$F13)) | FN13: =IF(OR($F13="",FM13=""),"",IF($F13=0,0,FM13/$F13)) | FP13: =IF(OR($F13="",FO13=""),"",IF($F13=0,0,FO13/$F13)) | FR13: =IF(OR($F13="",FQ13=""),"",IF($F13=0,0,FQ13/$F13)) | FT13: =IF(OR($F13="",FS13=""),"",IF($F13=0,0,FS13/$F13)) | FV13: =IF(OR($F13="",FU13=""),"",IF($F13=0,0,FU13/$F13)) | FX13: =IF(OR($F13="",FW13=""),"",IF($F13=0,0,FW13/$F13)) | FZ13: =IF(OR($F13="",FY13=""),"",IF($F13=0,0,FY13/$F13)) | GB13: =IF(OR($F13="",GA13=""),"",IF($F13=0,0,GA13/$F13)) | GD13: =IF(OR($F13="",GC13=""),"",IF($F13=0,0,GC13/$F13)) | GF13: =IF(OR($F13="",GE13=""),"",IF($F13=0,0,GE13/$F13)) | GH13: =IF(OR($F13="",GG13=""),"",IF($F13=0,0,GG13/$F13)) | GJ13: =IF(OR($F13="",GI13=""),"",IF($F13=0,0,GI13/$F13)) | GL13: =IF(OR($F13="",GK13=""),"",IF($F13=0,0,GK13/$F13)) | GN13: =IF(OR($F13="",GM13=""),"",IF($F13=0,0,GM13/$F13))
A14: 9 | H14: =IF(OR($F14="",G14=""),"",IF($F14=0,0,G14/$F14)) | J14: =IF(OR($F14="",I14=""),"",IF($F14=0,0,I14/$F14)) | L14: =IF(OR($F14="",K14=""),"",IF($F14=0,0,K14/$F14)) | N14: =IF(OR($F14="",M14=""),"",IF($F14=0,0,M14/$F14)) | P14: =IF(OR($F14="",O14=""),"",IF($F14=0,0,O14/$F14)) | R14: =IF(OR($F14="",Q14=""),"",IF($F14=0,0,Q14/$F14)) | T14: =IF(OR($F14="",S14=""),"",IF($F14=0,0,S14/$F14)) | V14: =IF(OR($F14="",U14=""),"",IF($F14=0,0,U14/$F14)) | X14: =IF(OR($F14="",W14=""),"",IF($F14=0,0,W14/$F14)) | Z14: =IF(OR($F14="",Y14=""),"",IF($F14=0,0,Y14/$F14)) | AB14: =IF(OR($F14="",AA14=""),"",IF($F14=0,0,AA14/$F14)) | AD14: =IF(OR($F14="",AC14=""),"",IF($F14=0,0,AC14/$F14)) | AF14: =IF(OR($F14="",AE14=""),"",IF($F14=0,0,AE14/$F14)) | AH14: =IF(OR($F14="",AG14=""),"",IF($F14=0,0,AG14/$F14)) | AJ14: =IF(OR($F14="",AI14=""),"",IF($F14=0,0,AI14/$F14)) | AL14: =IF(OR($F14="",AK14=""),"",IF($F14=0,0,AK14/$F14)) | AN14: =IF(OR($F14="",AM14=""),"",IF($F14=0,0,AM14/$F14)) | AP14: =IF(OR($F14="",AO14=""),"",IF($F14=0,0,AO14/$F14)) | AR14: =IF(OR($F14="",AQ14=""),"",IF($F14=0,0,AQ14/$F14)) | AT14: =IF(OR($F14="",AS14=""),"",IF($F14=0,0,AS14/$F14)) | AV14: =IF(OR($F14="",AU14=""),"",IF($F14=0,0,AU14/$F14)) | AX14: =IF(OR($F14="",AW14=""),"",IF($F14=0,0,AW14/$F14)) | AZ14: =IF(OR($F14="",AY14=""),"",IF($F14=0,0,AY14/$F14)) | BB14: =IF(OR($F14="",BA14=""),"",IF($F14=0,0,BA14/$F14)) | BD14: =IF(OR($F14="",BC14=""),"",IF($F14=0,0,BC14/$F14)) | BF14: =IF(OR($F14="",BE14=""),"",IF($F14=0,0,BE14/$F14)) | BH14: =IF(OR($F14="",BG14=""),"",IF($F14=0,0,BG14/$F14)) | BJ14: =IF(OR($F14="",BI14=""),"",IF($F14=0,0,BI14/$F14)) | BL14: =IF(OR($F14="",BK14=""),"",IF($F14=0,0,BK14/$F14)) | BN14: =IF(OR($F14="",BM14=""),"",IF($F14=0,0,BM14/$F14)) | BP14: =IF(OR($F14="",BO14=""),"",IF($F14=0,0,BO14/$F14)) | BR14: =IF(OR($F14="",BQ14=""),"",IF($F14=0,0,BQ14/$F14)) | BT14: =IF(OR($F14="",BS14=""),"",IF($F14=0,0,BS14/$F14)) | BV14: =IF(OR($F14="",BU14=""),"",IF($F14=0,0,BU14/$F14)) | BX14: =IF(OR($F14="",BW14=""),"",IF($F14=0,0,BW14/$F14)) | BZ14: =IF(OR($F14="",BY14=""),"",IF($F14=0,0,BY14/$F14)) | CB14: =IF(OR($F14="",CA14=""),"",IF($F14=0,0,CA14/$F14)) | CD14: =IF(OR($F14="",CC14=""),"",IF($F14=0,0,CC14/$F14)) | CF14: =IF(OR($F14="",CE14=""),"",IF($F14=0,0,CE14/$F14)) | CH14: =IF(OR($F14="",CG14=""),"",IF($F14=0,0,CG14/$F14)) | CJ14: =IF(OR($F14="",CI14=""),"",IF($F14=0,0,CI14/$F14)) | CL14: =IF(OR($F14="",CK14=""),"",IF($F14=0,0,CK14/$F14)) | CN14: =IF(OR($F14="",CM14=""),"",IF($F14=0,0,CM14/$F14)) | CP14: =IF(OR($F14="",CO14=""),"",IF($F14=0,0,CO14/$F14)) | CR14: =IF(OR($F14="",CQ14=""),"",IF($F14=0,0,CQ14/$F14)) | CT14: =IF(OR($F14="",CS14=""),"",IF($F14=0,0,CS14/$F14)) | CV14: =IF(OR($F14="",CU14=""),"",IF($F14=0,0,CU14/$F14)) | CX14: =IF(OR($F14="",CW14=""),"",IF($F14=0,0,CW14/$F14)) | CZ14: =IF(OR($F14="",CY14=""),"",IF($F14=0,0,CY14/$F14)) | DB14: =IF(OR($F14="",DA14=""),"",IF($F14=0,0,DA14/$F14)) | DD14: =IF(OR($F14="",DC14=""),"",IF($F14=0,0,DC14/$F14)) | DF14: =IF(OR($F14="",DE14=""),"",IF($F14=0,0,DE14/$F14)) | DH14: =IF(OR($F14="",DG14=""),"",IF($F14=0,0,DG14/$F14)) | DJ14: =IF(OR($F14="",DI14=""),"",IF($F14=0,0,DI14/$F14)) | DL14: =IF(OR($F14="",DK14=""),"",IF($F14=0,0,DK14/$F14)) | DN14: =IF(OR($F14="",DM14=""),"",IF($F14=0,0,DM14/$F14)) | DP14: =IF(OR($F14="",DO14=""),"",IF($F14=0,0,DO14/$F14)) | DR14: =IF(OR($F14="",DQ14=""),"",IF($F14=0,0,DQ14/$F14)) | DT14: =IF(OR($F14="",DS14=""),"",IF($F14=0,0,DS14/$F14)) | DV14: =IF(OR($F14="",DU14=""),"",IF($F14=0,0,DU14/$F14)) | DX14: =IF(OR($F14="",DW14=""),"",IF($F14=0,0,DW14/$F14)) | DZ14: =IF(OR($F14="",DY14=""),"",IF($F14=0,0,DY14/$F14)) | EB14: =IF(OR($F14="",EA14=""),"",IF($F14=0,0,EA14/$F14)) | ED14: =IF(OR($F14="",EC14=""),"",IF($F14=0,0,EC14/$F14)) | EF14: =IF(OR($F14="",EE14=""),"",IF($F14=0,0,EE14/$F14)) | EH14: =IF(OR($F14="",EG14=""),"",IF($F14=0,0,EG14/$F14)) | EJ14: =IF(OR($F14="",EI14=""),"",IF($F14=0,0,EI14/$F14)) | EL14: =IF(OR($F14="",EK14=""),"",IF($F14=0,0,EK14/$F14)) | EN14: =IF(OR($F14="",EM14=""),"",IF($F14=0,0,EM14/$F14)) | EP14: =IF(OR($F14="",EO14=""),"",IF($F14=0,0,EO14/$F14)) | ER14: =IF(OR($F14="",EQ14=""),"",IF($F14=0,0,EQ14/$F14)) | ET14: =IF(OR($F14="",ES14=""),"",IF($F14=0,0,ES14/$F14)) | EV14: =IF(OR($F14="",EU14=""),"",IF($F14=0,0,EU14/$F14)) | EX14: =IF(OR($F14="",EW14=""),"",IF($F14=0,0,EW14/$F14)) | EZ14: =IF(OR($F14="",EY14=""),"",IF($F14=0,0,EY14/$F14)) | FB14: =IF(OR($F14="",FA14=""),"",IF($F14=0,0,FA14/$F14)) | FD14: =IF(OR($F14="",FC14=""),"",IF($F14=0,0,FC14/$F14)) | FF14: =IF(OR($F14="",FE14=""),"",IF($F14=0,0,FE14/$F14)) | FH14: =IF(OR($F14="",FG14=""),"",IF($F14=0,0,FG14/$F14)) | FJ14: =IF(OR($F14="",FI14=""),"",IF($F14=0,0,FI14/$F14)) | FL14: =IF(OR($F14="",FK14=""),"",IF($F14=0,0,FK14/$F14)) | FN14: =IF(OR($F14="",FM14=""),"",IF($F14=0,0,FM14/$F14)) | FP14: =IF(OR($F14="",FO14=""),"",IF($F14=0,0,FO14/$F14)) | FR14: =IF(OR($F14="",FQ14=""),"",IF($F14=0,0,FQ14/$F14)) | FT14: =IF(OR($F14="",FS14=""),"",IF($F14=0,0,FS14/$F14)) | FV14: =IF(OR($F14="",FU14=""),"",IF($F14=0,0,FU14/$F14)) | FX14: =IF(OR($F14="",FW14=""),"",IF($F14=0,0,FW14/$F14)) | FZ14: =IF(OR($F14="",FY14=""),"",IF($F14=0,0,FY14/$F14)) | GB14: =IF(OR($F14="",GA14=""),"",IF($F14=0,0,GA14/$F14)) | GD14: =IF(OR($F14="",GC14=""),"",IF($F14=0,0,GC14/$F14)) | GF14: =IF(OR($F14="",GE14=""),"",IF($F14=0,0,GE14/$F14)) | GH14: =IF(OR($F14="",GG14=""),"",IF($F14=0,0,GG14/$F14)) | GJ14: =IF(OR($F14="",GI14=""),"",IF($F14=0,0,GI14/$F14)) | GL14: =IF(OR($F14="",GK14=""),"",IF($F14=0,0,GK14/$F14)) | GN14: =IF(OR($F14="",GM14=""),"",IF($F14=0,0,GM14/$F14))
A15: 10 | H15: =IF(OR($F15="",G15=""),"",IF($F15=0,0,G15/$F15)) | J15: =IF(OR($F15="",I15=""),"",IF($F15=0,0,I15/$F15)) | L15: =IF(OR($F15="",K15=""),"",IF($F15=0,0,K15/$F15)) | N15: =IF(OR($F15="",M15=""),"",IF($F15=0,0,M15/$F15)) | P15: =IF(OR($F15="",O15=""),"",IF($F15=0,0,O15/$F15)) | R15: =IF(OR($F15="",Q15=""),"",IF($F15=0,0,Q15/$F15)) | T15: =IF(OR($F15="",S15=""),"",IF($F15=0,0,S15/$F15)) | V15: =IF(OR($F15="",U15=""),"",IF($F15=0,0,U15/$F15)) | X15: =IF(OR($F15="",W15=""),"",IF($F15=0,0,W15/$F15)) | Z15: =IF(OR($F15="",Y15=""),"",IF($F15=0,0,Y15/$F15)) | AB15: =IF(OR($F15="",AA15=""),"",IF($F15=0,0,AA15/$F15)) | AD15: =IF(OR($F15="",AC15=""),"",IF($F15=0,0,AC15/$F15)) | AF15: =IF(OR($F15="",AE15=""),"",IF($F15=0,0,AE15/$F15)) | AH15: =IF(OR($F15="",AG15=""),"",IF($F15=0,0,AG15/$F15)) | AJ15: =IF(OR($F15="",AI15=""),"",IF($F15=0,0,AI15/$F15)) | AL15: =IF(OR($F15="",AK15=""),"",IF($F15=0,0,AK15/$F15)) | AN15: =IF(OR($F15="",AM15=""),"",IF($F15=0,0,AM15/$F15)) | AP15: =IF(OR($F15="",AO15=""),"",IF($F15=0,0,AO15/$F15)) | AR15: =IF(OR($F15="",AQ15=""),"",IF($F15=0,0,AQ15/$F15)) | AT15: =IF(OR($F15="",AS15=""),"",IF($F15=0,0,AS15/$F15)) | AV15: =IF(OR($F15="",AU15=""),"",IF($F15=0,0,AU15/$F15)) | AX15: =IF(OR($F15="",AW15=""),"",IF($F15=0,0,AW15/$F15)) | AZ15: =IF(OR($F15="",AY15=""),"",IF($F15=0,0,AY15/$F15)) | BB15: =IF(OR($F15="",BA15=""),"",IF($F15=0,0,BA15/$F15)) | BD15: =IF(OR($F15="",BC15=""),"",IF($F15=0,0,BC15/$F15)) | BF15: =IF(OR($F15="",BE15=""),"",IF($F15=0,0,BE15/$F15)) | BH15: =IF(OR($F15="",BG15=""),"",IF($F15=0,0,BG15/$F15)) | BJ15: =IF(OR($F15="",BI15=""),"",IF($F15=0,0,BI15/$F15)) | BL15: =IF(OR($F15="",BK15=""),"",IF($F15=0,0,BK15/$F15)) | BN15: =IF(OR($F15="",BM15=""),"",IF($F15=0,0,BM15/$F15)) | BP15: =IF(OR($F15="",BO15=""),"",IF($F15=0,0,BO15/$F15)) | BR15: =IF(OR($F15="",BQ15=""),"",IF($F15=0,0,BQ15/$F15)) | BT15: =IF(OR($F15="",BS15=""),"",IF($F15=0,0,BS15/$F15)) | BV15: =IF(OR($F15="",BU15=""),"",IF($F15=0,0,BU15/$F15)) | BX15: =IF(OR($F15="",BW15=""),"",IF($F15=0,0,BW15/$F15)) | BZ15: =IF(OR($F15="",BY15=""),"",IF($F15=0,0,BY15/$F15)) | CB15: =IF(OR($F15="",CA15=""),"",IF($F15=0,0,CA15/$F15)) | CD15: =IF(OR($F15="",CC15=""),"",IF($F15=0,0,CC15/$F15)) | CF15: =IF(OR($F15="",CE15=""),"",IF($F15=0,0,CE15/$F15)) | CH15: =IF(OR($F15="",CG15=""),"",IF($F15=0,0,CG15/$F15)) | CJ15: =IF(OR($F15="",CI15=""),"",IF($F15=0,0,CI15/$F15)) | CL15: =IF(OR($F15="",CK15=""),"",IF($F15=0,0,CK15/$F15)) | CN15: =IF(OR($F15="",CM15=""),"",IF($F15=0,0,CM15/$F15)) | CP15: =IF(OR($F15="",CO15=""),"",IF($F15=0,0,CO15/$F15)) | CR15: =IF(OR($F15="",CQ15=""),"",IF($F15=0,0,CQ15/$F15)) | CT15: =IF(OR($F15="",CS15=""),"",IF($F15=0,0,CS15/$F15)) | CV15: =IF(OR($F15="",CU15=""),"",IF($F15=0,0,CU15/$F15)) | CX15: =IF(OR($F15="",CW15=""),"",IF($F15=0,0,CW15/$F15)) | CZ15: =IF(OR($F15="",CY15=""),"",IF($F15=0,0,CY15/$F15)) | DB15: =IF(OR($F15="",DA15=""),"",IF($F15=0,0,DA15/$F15)) | DD15: =IF(OR($F15="",DC15=""),"",IF($F15=0,0,DC15/$F15)) | DF15: =IF(OR($F15="",DE15=""),"",IF($F15=0,0,DE15/$F15)) | DH15: =IF(OR($F15="",DG15=""),"",IF($F15=0,0,DG15/$F15)) | DJ15: =IF(OR($F15="",DI15=""),"",IF($F15=0,0,DI15/$F15)) | DL15: =IF(OR($F15="",DK15=""),"",IF($F15=0,0,DK15/$F15)) | DN15: =IF(OR($F15="",DM15=""),"",IF($F15=0,0,DM15/$F15)) | DP15: =IF(OR($F15="",DO15=""),"",IF($F15=0,0,DO15/$F15)) | DR15: =IF(OR($F15="",DQ15=""),"",IF($F15=0,0,DQ15/$F15)) | DT15: =IF(OR($F15="",DS15=""),"",IF($F15=0,0,DS15/$F15)) | DV15: =IF(OR($F15="",DU15=""),"",IF($F15=0,0,DU15/$F15)) | DX15: =IF(OR($F15="",DW15=""),"",IF($F15=0,0,DW15/$F15)) | DZ15: =IF(OR($F15="",DY15=""),"",IF($F15=0,0,DY15/$F15)) | EB15: =IF(OR($F15="",EA15=""),"",IF($F15=0,0,EA15/$F15)) | ED15: =IF(OR($F15="",EC15=""),"",IF($F15=0,0,EC15/$F15)) | EF15: =IF(OR($F15="",EE15=""),"",IF($F15=0,0,EE15/$F15)) | EH15: =IF(OR($F15="",EG15=""),"",IF($F15=0,0,EG15/$F15)) | EJ15: =IF(OR($F15="",EI15=""),"",IF($F15=0,0,EI15/$F15)) | EL15: =IF(OR($F15="",EK15=""),"",IF($F15=0,0,EK15/$F15)) | EN15: =IF(OR($F15="",EM15=""),"",IF($F15=0,0,EM15/$F15)) | EP15: =IF(OR($F15="",EO15=""),"",IF($F15=0,0,EO15/$F15)) | ER15: =IF(OR($F15="",EQ15=""),"",IF($F15=0,0,EQ15/$F15)) | ET15: =IF(OR($F15="",ES15=""),"",IF($F15=0,0,ES15/$F15)) | EV15: =IF(OR($F15="",EU15=""),"",IF($F15=0,0,EU15/$F15)) | EX15: =IF(OR($F15="",EW15=""),"",IF($F15=0,0,EW15/$F15)) | EZ15: =IF(OR($F15="",EY15=""),"",IF($F15=0,0,EY15/$F15)) | FB15: =IF(OR($F15="",FA15=""),"",IF($F15=0,0,FA15/$F15)) | FD15: =IF(OR($F15="",FC15=""),"",IF($F15=0,0,FC15/$F15)) | FF15: =IF(OR($F15="",FE15=""),"",IF($F15=0,0,FE15/$F15)) | FH15: =IF(OR($F15="",FG15=""),"",IF($F15=0,0,FG15/$F15)) | FJ15: =IF(OR($F15="",FI15=""),"",IF($F15=0,0,FI15/$F15)) | FL15: =IF(OR($F15="",FK15=""),"",IF($F15=0,0,FK15/$F15)) | FN15: =IF(OR($F15="",FM15=""),"",IF($F15=0,0,FM15/$F15)) | FP15: =IF(OR($F15="",FO15=""),"",IF($F15=0,0,FO15/$F15)) | FR15: =IF(OR($F15="",FQ15=""),"",IF($F15=0,0,FQ15/$F15)) | FT15: =IF(OR($F15="",FS15=""),"",IF($F15=0,0,FS15/$F15)) | FV15: =IF(OR($F15="",FU15=""),"",IF($F15=0,0,FU15/$F15)) | FX15: =IF(OR($F15="",FW15=""),"",IF($F15=0,0,FW15/$F15)) | FZ15: =IF(OR($F15="",FY15=""),"",IF($F15=0,0,FY15/$F15)) | GB15: =IF(OR($F15="",GA15=""),"",IF($F15=0,0,GA15/$F15)) | GD15: =IF(OR($F15="",GC15=""),"",IF($F15=0,0,GC15/$F15)) | GF15: =IF(OR($F15="",GE15=""),"",IF($F15=0,0,GE15/$F15)) | GH15: =IF(OR($F15="",GG15=""),"",IF($F15=0,0,GG15/$F15)) | GJ15: =IF(OR($F15="",GI15=""),"",IF($F15=0,0,GI15/$F15)) | GL15: =IF(OR($F15="",GK15=""),"",IF($F15=0,0,GK15/$F15)) | GN15: =IF(OR($F15="",GM15=""),"",IF($F15=0,0,GM15/$F15))
A16: 11 | H16: =IF(OR($F16="",G16=""),"",IF($F16=0,0,G16/$F16)) | J16: =IF(OR($F16="",I16=""),"",IF($F16=0,0,I16/$F16)) | L16: =IF(OR($F16="",K16=""),"",IF($F16=0,0,K16/$F16)) | N16: =IF(OR($F16="",M16=""),"",IF($F16=0,0,M16/$F16)) | P16: =IF(OR($F16="",O16=""),"",IF($F16=0,0,O16/$F16)) | R16: =IF(OR($F16="",Q16=""),"",IF($F16=0,0,Q16/$F16)) | T16: =IF(OR($F16="",S16=""),"",IF($F16=0,0,S16/$F16)) | V16: =IF(OR($F16="",U16=""),"",IF($F16=0,0,U16/$F16)) | X16: =IF(OR($F16="",W16=""),"",IF($F16=0,0,W16/$F16)) | Z16: =IF(OR($F16="",Y16=""),"",IF($F16=0,0,Y16/$F16)) | AB16: =IF(OR($F16="",AA16=""),"",IF($F16=0,0,AA16/$F16)) | AD16: =IF(OR($F16="",AC16=""),"",IF($F16=0,0,AC16/$F16)) | AF16: =IF(OR($F16="",AE16=""),"",IF($F16=0,0,AE16/$F16)) | AH16: =IF(OR($F16="",AG16=""),"",IF($F16=0,0,AG16/$F16)) | AJ16: =IF(OR($F16="",AI16=""),"",IF($F16=0,0,AI16/$F16)) | AL16: =IF(OR($F16="",AK16=""),"",IF($F16=0,0,AK16/$F16)) | AN16: =IF(OR($F16="",AM16=""),"",IF($F16=0,0,AM16/$F16)) | AP16: =IF(OR($F16="",AO16=""),"",IF($F16=0,0,AO16/$F16)) | AR16: =IF(OR($F16="",AQ16=""),"",IF($F16=0,0,AQ16/$F16)) | AT16: =IF(OR($F16="",AS16=""),"",IF($F16=0,0,AS16/$F16)) | AV16: =IF(OR($F16="",AU16=""),"",IF($F16=0,0,AU16/$F16)) | AX16: =IF(OR($F16="",AW16=""),"",IF($F16=0,0,AW16/$F16)) | AZ16: =IF(OR($F16="",AY16=""),"",IF($F16=0,0,AY16/$F16)) | BB16: =IF(OR($F16="",BA16=""),"",IF($F16=0,0,BA16/$F16)) | BD16: =IF(OR($F16="",BC16=""),"",IF($F16=0,0,BC16/$F16)) | BF16: =IF(OR($F16="",BE16=""),"",IF($F16=0,0,BE16/$F16)) | BH16: =IF(OR($F16="",BG16=""),"",IF($F16=0,0,BG16/$F16)) | BJ16: =IF(OR($F16="",BI16=""),"",IF($F16=0,0,BI16/$F16)) | BL16: =IF(OR($F16="",BK16=""),"",IF($F16=0,0,BK16/$F16)) | BN16: =IF(OR($F16="",BM16=""),"",IF($F16=0,0,BM16/$F16)) | BP16: =IF(OR($F16="",BO16=""),"",IF($F16=0,0,BO16/$F16)) | BR16: =IF(OR($F16="",BQ16=""),"",IF($F16=0,0,BQ16/$F16)) | BT16: =IF(OR($F16="",BS16=""),"",IF($F16=0,0,BS16/$F16)) | BV16: =IF(OR($F16="",BU16=""),"",IF($F16=0,0,BU16/$F16)) | BX16: =IF(OR($F16="",BW16=""),"",IF($F16=0,0,BW16/$F16)) | BZ16: =IF(OR($F16="",BY16=""),"",IF($F16=0,0,BY16/$F16)) | CB16: =IF(OR($F16="",CA16=""),"",IF($F16=0,0,CA16/$F16)) | CD16: =IF(OR($F16="",CC16=""),"",IF($F16=0,0,CC16/$F16)) | CF16: =IF(OR($F16="",CE16=""),"",IF($F16=0,0,CE16/$F16)) | CH16: =IF(OR($F16="",CG16=""),"",IF($F16=0,0,CG16/$F16)) | CJ16: =IF(OR($F16="",CI16=""),"",IF($F16=0,0,CI16/$F16)) | CL16: =IF(OR($F16="",CK16=""),"",IF($F16=0,0,CK16/$F16)) | CN16: =IF(OR($F16="",CM16=""),"",IF($F16=0,0,CM16/$F16)) | CP16: =IF(OR($F16="",CO16=""),"",IF($F16=0,0,CO16/$F16)) | CR16: =IF(OR($F16="",CQ16=""),"",IF($F16=0,0,CQ16/$F16)) | CT16: =IF(OR($F16="",CS16=""),"",IF($F16=0,0,CS16/$F16)) | CV16: =IF(OR($F16="",CU16=""),"",IF($F16=0,0,CU16/$F16)) | CX16: =IF(OR($F16="",CW16=""),"",IF($F16=0,0,CW16/$F16)) | CZ16: =IF(OR($F16="",CY16=""),"",IF($F16=0,0,CY16/$F16)) | DB16: =IF(OR($F16="",DA16=""),"",IF($F16=0,0,DA16/$F16)) | DD16: =IF(OR($F16="",DC16=""),"",IF($F16=0,0,DC16/$F16)) | DF16: =IF(OR($F16="",DE16=""),"",IF($F16=0,0,DE16/$F16)) | DH16: =IF(OR($F16="",DG16=""),"",IF($F16=0,0,DG16/$F16)) | DJ16: =IF(OR($F16="",DI16=""),"",IF($F16=0,0,DI16/$F16)) | DL16: =IF(OR($F16="",DK16=""),"",IF($F16=0,0,DK16/$F16)) | DN16: =IF(OR($F16="",DM16=""),"",IF($F16=0,0,DM16/$F16)) | DP16: =IF(OR($F16="",DO16=""),"",IF($F16=0,0,DO16/$F16)) | DR16: =IF(OR($F16="",DQ16=""),"",IF($F16=0,0,DQ16/$F16)) | DT16: =IF(OR($F16="",DS16=""),"",IF($F16=0,0,DS16/$F16)) | DV16: =IF(OR($F16="",DU16=""),"",IF($F16=0,0,DU16/$F16)) | DX16: =IF(OR($F16="",DW16=""),"",IF($F16=0,0,DW16/$F16)) | DZ16: =IF(OR($F16="",DY16=""),"",IF($F16=0,0,DY16/$F16)) | EB16: =IF(OR($F16="",EA16=""),"",IF($F16=0,0,EA16/$F16)) | ED16: =IF(OR($F16="",EC16=""),"",IF($F16=0,0,EC16/$F16)) | EF16: =IF(OR($F16="",EE16=""),"",IF($F16=0,0,EE16/$F16)) | EH16: =IF(OR($F16="",EG16=""),"",IF($F16=0,0,EG16/$F16)) | EJ16: =IF(OR($F16="",EI16=""),"",IF($F16=0,0,EI16/$F16)) | EL16: =IF(OR($F16="",EK16=""),"",IF($F16=0,0,EK16/$F16)) | EN16: =IF(OR($F16="",EM16=""),"",IF($F16=0,0,EM16/$F16)) | EP16: =IF(OR($F16="",EO16=""),"",IF($F16=0,0,EO16/$F16)) | ER16: =IF(OR($F16="",EQ16=""),"",IF($F16=0,0,EQ16/$F16)) | ET16: =IF(OR($F16="",ES16=""),"",IF($F16=0,0,ES16/$F16)) | EV16: =IF(OR($F16="",EU16=""),"",IF($F16=0,0,EU16/$F16)) | EX16: =IF(OR($F16="",EW16=""),"",IF($F16=0,0,EW16/$F16)) | EZ16: =IF(OR($F16="",EY16=""),"",IF($F16=0,0,EY16/$F16)) | FB16: =IF(OR($F16="",FA16=""),"",IF($F16=0,0,FA16/$F16)) | FD16: =IF(OR($F16="",FC16=""),"",IF($F16=0,0,FC16/$F16)) | FF16: =IF(OR($F16="",FE16=""),"",IF($F16=0,0,FE16/$F16)) | FH16: =IF(OR($F16="",FG16=""),"",IF($F16=0,0,FG16/$F16)) | FJ16: =IF(OR($F16="",FI16=""),"",IF($F16=0,0,FI16/$F16)) | FL16: =IF(OR($F16="",FK16=""),"",IF($F16=0,0,FK16/$F16)) | FN16: =IF(OR($F16="",FM16=""),"",IF($F16=0,0,FM16/$F16)) | FP16: =IF(OR($F16="",FO16=""),"",IF($F16=0,0,FO16/$F16)) | FR16: =IF(OR($F16="",FQ16=""),"",IF($F16=0,0,FQ16/$F16)) | FT16: =IF(OR($F16="",FS16=""),"",IF($F16=0,0,FS16/$F16)) | FV16: =IF(OR($F16="",FU16=""),"",IF($F16=0,0,FU16/$F16)) | FX16: =IF(OR($F16="",FW16=""),"",IF($F16=0,0,FW16/$F16)) | FZ16: =IF(OR($F16="",FY16=""),"",IF($F16=0,0,FY16/$F16)) | GB16: =IF(OR($F16="",GA16=""),"",IF($F16=0,0,GA16/$F16)) | GD16: =IF(OR($F16="",GC16=""),"",IF($F16=0,0,GC16/$F16)) | GF16: =IF(OR($F16="",GE16=""),"",IF($F16=0,0,GE16/$F16)) | GH16: =IF(OR($F16="",GG16=""),"",IF($F16=0,0,GG16/$F16)) | GJ16: =IF(OR($F16="",GI16=""),"",IF($F16=0,0,GI16/$F16)) | GL16: =IF(OR($F16="",GK16=""),"",IF($F16=0,0,GK16/$F16)) | GN16: =IF(OR($F16="",GM16=""),"",IF($F16=0,0,GM16/$F16))
A17: 12 | H17: =IF(OR($F17="",G17=""),"",IF($F17=0,0,G17/$F17)) | J17: =IF(OR($F17="",I17=""),"",IF($F17=0,0,I17/$F17)) | L17: =IF(OR($F17="",K17=""),"",IF($F17=0,0,K17/$F17)) | N17: =IF(OR($F17="",M17=""),"",IF($F17=0,0,M17/$F17)) | P17: =IF(OR($F17="",O17=""),"",IF($F17=0,0,O17/$F17)) | R17: =IF(OR($F17="",Q17=""),"",IF($F17=0,0,Q17/$F17)) | T17: =IF(OR($F17="",S17=""),"",IF($F17=0,0,S17/$F17)) | V17: =IF(OR($F17="",U17=""),"",IF($F17=0,0,U17/$F17)) | X17: =IF(OR($F17="",W17=""),"",IF($F17=0,0,W17/$F17)) | Z17: =IF(OR($F17="",Y17=""),"",IF($F17=0,0,Y17/$F17)) | AB17: =IF(OR($F17="",AA17=""),"",IF($F17=0,0,AA17/$F17)) | AD17: =IF(OR($F17="",AC17=""),"",IF($F17=0,0,AC17/$F17)) | AF17: =IF(OR($F17="",AE17=""),"",IF($F17=0,0,AE17/$F17)) | AH17: =IF(OR($F17="",AG17=""),"",IF($F17=0,0,AG17/$F17)) | AJ17: =IF(OR($F17="",AI17=""),"",IF($F17=0,0,AI17/$F17)) | AL17: =IF(OR($F17="",AK17=""),"",IF($F17=0,0,AK17/$F17)) | AN17: =IF(OR($F17="",AM17=""),"",IF($F17=0,0,AM17/$F17)) | AP17: =IF(OR($F17="",AO17=""),"",IF($F17=0,0,AO17/$F17)) | AR17: =IF(OR($F17="",AQ17=""),"",IF($F17=0,0,AQ17/$F17)) | AT17: =IF(OR($F17="",AS17=""),"",IF($F17=0,0,AS17/$F17)) | AV17: =IF(OR($F17="",AU17=""),"",IF($F17=0,0,AU17/$F17)) | AX17: =IF(OR($F17="",AW17=""),"",IF($F17=0,0,AW17/$F17)) | AZ17: =IF(OR($F17="",AY17=""),"",IF($F17=0,0,AY17/$F17)) | BB17: =IF(OR($F17="",BA17=""),"",IF($F17=0,0,BA17/$F17)) | BD17: =IF(OR($F17="",BC17=""),"",IF($F17=0,0,BC17/$F17)) | BF17: =IF(OR($F17="",BE17=""),"",IF($F17=0,0,BE17/$F17)) | BH17: =IF(OR($F17="",BG17=""),"",IF($F17=0,0,BG17/$F17)) | BJ17: =IF(OR($F17="",BI17=""),"",IF($F17=0,0,BI17/$F17)) | BL17: =IF(OR($F17="",BK17=""),"",IF($F17=0,0,BK17/$F17)) | BN17: =IF(OR($F17="",BM17=""),"",IF($F17=0,0,BM17/$F17)) | BP17: =IF(OR($F17="",BO17=""),"",IF($F17=0,0,BO17/$F17)) | BR17: =IF(OR($F17="",BQ17=""),"",IF($F17=0,0,BQ17/$F17)) | BT17: =IF(OR($F17="",BS17=""),"",IF($F17=0,0,BS17/$F17)) | BV17: =IF(OR($F17="",BU17=""),"",IF($F17=0,0,BU17/$F17)) | BX17: =IF(OR($F17="",BW17=""),"",IF($F17=0,0,BW17/$F17)) | BZ17: =IF(OR($F17="",BY17=""),"",IF($F17=0,0,BY17/$F17)) | CB17: =IF(OR($F17="",CA17=""),"",IF($F17=0,0,CA17/$F17)) | CD17: =IF(OR($F17="",CC17=""),"",IF($F17=0,0,CC17/$F17)) | CF17: =IF(OR($F17="",CE17=""),"",IF($F17=0,0,CE17/$F17)) | CH17: =IF(OR($F17="",CG17=""),"",IF($F17=0,0,CG17/$F17)) | CJ17: =IF(OR($F17="",CI17=""),"",IF($F17=0,0,CI17/$F17)) | CL17: =IF(OR($F17="",CK17=""),"",IF($F17=0,0,CK17/$F17)) | CN17: =IF(OR($F17="",CM17=""),"",IF($F17=0,0,CM17/$F17)) | CP17: =IF(OR($F17="",CO17=""),"",IF($F17=0,0,CO17/$F17)) | CR17: =IF(OR($F17="",CQ17=""),"",IF($F17=0,0,CQ17/$F17)) | CT17: =IF(OR($F17="",CS17=""),"",IF($F17=0,0,CS17/$F17)) | CV17: =IF(OR($F17="",CU17=""),"",IF($F17=0,0,CU17/$F17)) | CX17: =IF(OR($F17="",CW17=""),"",IF($F17=0,0,CW17/$F17)) | CZ17: =IF(OR($F17="",CY17=""),"",IF($F17=0,0,CY17/$F17)) | DB17: =IF(OR($F17="",DA17=""),"",IF($F17=0,0,DA17/$F17)) | DD17: =IF(OR($F17="",DC17=""),"",IF($F17=0,0,DC17/$F17)) | DF17: =IF(OR($F17="",DE17=""),"",IF($F17=0,0,DE17/$F17)) | DH17: =IF(OR($F17="",DG17=""),"",IF($F17=0,0,DG17/$F17)) | DJ17: =IF(OR($F17="",DI17=""),"",IF($F17=0,0,DI17/$F17)) | DL17: =IF(OR($F17="",DK17=""),"",IF($F17=0,0,DK17/$F17)) | DN17: =IF(OR($F17="",DM17=""),"",IF($F17=0,0,DM17/$F17)) | DP17: =IF(OR($F17="",DO17=""),"",IF($F17=0,0,DO17/$F17)) | DR17: =IF(OR($F17="",DQ17=""),"",IF($F17=0,0,DQ17/$F17)) | DT17: =IF(OR($F17="",DS17=""),"",IF($F17=0,0,DS17/$F17)) | DV17: =IF(OR($F17="",DU17=""),"",IF($F17=0,0,DU17/$F17)) | DX17: =IF(OR($F17="",DW17=""),"",IF($F17=0,0,DW17/$F17)) | DZ17: =IF(OR($F17="",DY17=""),"",IF($F17=0,0,DY17/$F17)) | EB17: =IF(OR($F17="",EA17=""),"",IF($F17=0,0,EA17/$F17)) | ED17: =IF(OR($F17="",EC17=""),"",IF($F17=0,0,EC17/$F17)) | EF17: =IF(OR($F17="",EE17=""),"",IF($F17=0,0,EE17/$F17)) | EH17: =IF(OR($F17="",EG17=""),"",IF($F17=0,0,EG17/$F17)) | EJ17: =IF(OR($F17="",EI17=""),"",IF($F17=0,0,EI17/$F17)) | EL17: =IF(OR($F17="",EK17=""),"",IF($F17=0,0,EK17/$F17)) | EN17: =IF(OR($F17="",EM17=""),"",IF($F17=0,0,EM17/$F17)) | EP17: =IF(OR($F17="",EO17=""),"",IF($F17=0,0,EO17/$F17)) | ER17: =IF(OR($F17="",EQ17=""),"",IF($F17=0,0,EQ17/$F17)) | ET17: =IF(OR($F17="",ES17=""),"",IF($F17=0,0,ES17/$F17)) | EV17: =IF(OR($F17="",EU17=""),"",IF($F17=0,0,EU17/$F17)) | EX17: =IF(OR($F17="",EW17=""),"",IF($F17=0,0,EW17/$F17)) | EZ17: =IF(OR($F17="",EY17=""),"",IF($F17=0,0,EY17/$F17)) | FB17: =IF(OR($F17="",FA17=""),"",IF($F17=0,0,FA17/$F17)) | FD17: =IF(OR($F17="",FC17=""),"",IF($F17=0,0,FC17/$F17)) | FF17: =IF(OR($F17="",FE17=""),"",IF($F17=0,0,FE17/$F17)) | FH17: =IF(OR($F17="",FG17=""),"",IF($F17=0,0,FG17/$F17)) | FJ17: =IF(OR($F17="",FI17=""),"",IF($F17=0,0,FI17/$F17)) | FL17: =IF(OR($F17="",FK17=""),"",IF($F17=0,0,FK17/$F17)) | FN17: =IF(OR($F17="",FM17=""),"",IF($F17=0,0,FM17/$F17)) | FP17: =IF(OR($F17="",FO17=""),"",IF($F17=0,0,FO17/$F17)) | FR17: =IF(OR($F17="",FQ17=""),"",IF($F17=0,0,FQ17/$F17)) | FT17: =IF(OR($F17="",FS17=""),"",IF($F17=0,0,FS17/$F17)) | FV17: =IF(OR($F17="",FU17=""),"",IF($F17=0,0,FU17/$F17)) | FX17: =IF(OR($F17="",FW17=""),"",IF($F17=0,0,FW17/$F17)) | FZ17: =IF(OR($F17="",FY17=""),"",IF($F17=0,0,FY17/$F17)) | GB17: =IF(OR($F17="",GA17=""),"",IF($F17=0,0,GA17/$F17)) | GD17: =IF(OR($F17="",GC17=""),"",IF($F17=0,0,GC17/$F17)) | GF17: =IF(OR($F17="",GE17=""),"",IF($F17=0,0,GE17/$F17)) | GH17: =IF(OR($F17="",GG17=""),"",IF($F17=0,0,GG17/$F17)) | GJ17: =IF(OR($F17="",GI17=""),"",IF($F17=0,0,GI17/$F17)) | GL17: =IF(OR($F17="",GK17=""),"",IF($F17=0,0,GK17/$F17)) | GN17: =IF(OR($F17="",GM17=""),"",IF($F17=0,0,GM17/$F17))
A18: 13 | H18: =IF(OR($F18="",G18=""),"",IF($F18=0,0,G18/$F18)) | J18: =IF(OR($F18="",I18=""),"",IF($F18=0,0,I18/$F18)) | L18: =IF(OR($F18="",K18=""),"",IF($F18=0,0,K18/$F18)) | N18: =IF(OR($F18="",M18=""),"",IF($F18=0,0,M18/$F18)) | P18: =IF(OR($F18="",O18=""),"",IF($F18=0,0,O18/$F18)) | R18: =IF(OR($F18="",Q18=""),"",IF($F18=0,0,Q18/$F18)) | T18: =IF(OR($F18="",S18=""),"",IF($F18=0,0,S18/$F18)) | V18: =IF(OR($F18="",U18=""),"",IF($F18=0,0,U18/$F18)) | X18: =IF(OR($F18="",W18=""),"",IF($F18=0,0,W18/$F18)) | Z18: =IF(OR($F18="",Y18=""),"",IF($F18=0,0,Y18/$F18)) | AB18: =IF(OR($F18="",AA18=""),"",IF($F18=0,0,AA18/$F18)) | AD18: =IF(OR($F18="",AC18=""),"",IF($F18=0,0,AC18/$F18)) | AF18: =IF(OR($F18="",AE18=""),"",IF($F18=0,0,AE18/$F18)) | AH18: =IF(OR($F18="",AG18=""),"",IF($F18=0,0,AG18/$F18)) | AJ18: =IF(OR($F18="",AI18=""),"",IF($F18=0,0,AI18/$F18)) | AL18: =IF(OR($F18="",AK18=""),"",IF($F18=0,0,AK18/$F18)) | AN18: =IF(OR($F18="",AM18=""),"",IF($F18=0,0,AM18/$F18)) | AP18: =IF(OR($F18="",AO18=""),"",IF($F18=0,0,AO18/$F18)) | AR18: =IF(OR($F18="",AQ18=""),"",IF($F18=0,0,AQ18/$F18)) | AT18: =IF(OR($F18="",AS18=""),"",IF($F18=0,0,AS18/$F18)) | AV18: =IF(OR($F18="",AU18=""),"",IF($F18=0,0,AU18/$F18)) | AX18: =IF(OR($F18="",AW18=""),"",IF($F18=0,0,AW18/$F18)) | AZ18: =IF(OR($F18="",AY18=""),"",IF($F18=0,0,AY18/$F18)) | BB18: =IF(OR($F18="",BA18=""),"",IF($F18=0,0,BA18/$F18)) | BD18: =IF(OR($F18="",BC18=""),"",IF($F18=0,0,BC18/$F18)) | BF18: =IF(OR($F18="",BE18=""),"",IF($F18=0,0,BE18/$F18)) | BH18: =IF(OR($F18="",BG18=""),"",IF($F18=0,0,BG18/$F18)) | BJ18: =IF(OR($F18="",BI18=""),"",IF($F18=0,0,BI18/$F18)) | BL18: =IF(OR($F18="",BK18=""),"",IF($F18=0,0,BK18/$F18)) | BN18: =IF(OR($F18="",BM18=""),"",IF($F18=0,0,BM18/$F18)) | BP18: =IF(OR($F18="",BO18=""),"",IF($F18=0,0,BO18/$F18)) | BR18: =IF(OR($F18="",BQ18=""),"",IF($F18=0,0,BQ18/$F18)) | BT18: =IF(OR($F18="",BS18=""),"",IF($F18=0,0,BS18/$F18)) | BV18: =IF(OR($F18="",BU18=""),"",IF($F18=0,0,BU18/$F18)) | BX18: =IF(OR($F18="",BW18=""),"",IF($F18=0,0,BW18/$F18)) | BZ18: =IF(OR($F18="",BY18=""),"",IF($F18=0,0,BY18/$F18)) | CB18: =IF(OR($F18="",CA18=""),"",IF($F18=0,0,CA18/$F18)) | CD18: =IF(OR($F18="",CC18=""),"",IF($F18=0,0,CC18/$F18)) | CF18: =IF(OR($F18="",CE18=""),"",IF($F18=0,0,CE18/$F18)) | CH18: =IF(OR($F18="",CG18=""),"",IF($F18=0,0,CG18/$F18)) | CJ18: =IF(OR($F18="",CI18=""),"",IF($F18=0,0,CI18/$F18)) | CL18: =IF(OR($F18="",CK18=""),"",IF($F18=0,0,CK18/$F18)) | CN18: =IF(OR($F18="",CM18=""),"",IF($F18=0,0,CM18/$F18)) | CP18: =IF(OR($F18="",CO18=""),"",IF($F18=0,0,CO18/$F18)) | CR18: =IF(OR($F18="",CQ18=""),"",IF($F18=0,0,CQ18/$F18)) | CT18: =IF(OR($F18="",CS18=""),"",IF($F18=0,0,CS18/$F18)) | CV18: =IF(OR($F18="",CU18=""),"",IF($F18=0,0,CU18/$F18)) | CX18: =IF(OR($F18="",CW18=""),"",IF($F18=0,0,CW18/$F18)) | CZ18: =IF(OR($F18="",CY18=""),"",IF($F18=0,0,CY18/$F18)) | DB18: =IF(OR($F18="",DA18=""),"",IF($F18=0,0,DA18/$F18)) | DD18: =IF(OR($F18="",DC18=""),"",IF($F18=0,0,DC18/$F18)) | DF18: =IF(OR($F18="",DE18=""),"",IF($F18=0,0,DE18/$F18)) | DH18: =IF(OR($F18="",DG18=""),"",IF($F18=0,0,DG18/$F18)) | DJ18: =IF(OR($F18="",DI18=""),"",IF($F18=0,0,DI18/$F18)) | DL18: =IF(OR($F18="",DK18=""),"",IF($F18=0,0,DK18/$F18)) | DN18: =IF(OR($F18="",DM18=""),"",IF($F18=0,0,DM18/$F18)) | DP18: =IF(OR($F18="",DO18=""),"",IF($F18=0,0,DO18/$F18)) | DR18: =IF(OR($F18="",DQ18=""),"",IF($F18=0,0,DQ18/$F18)) | DT18: =IF(OR($F18="",DS18=""),"",IF($F18=0,0,DS18/$F18)) | DV18: =IF(OR($F18="",DU18=""),"",IF($F18=0,0,DU18/$F18)) | DX18: =IF(OR($F18="",DW18=""),"",IF($F18=0,0,DW18/$F18)) | DZ18: =IF(OR($F18="",DY18=""),"",IF($F18=0,0,DY18/$F18)) | EB18: =IF(OR($F18="",EA18=""),"",IF($F18=0,0,EA18/$F18)) | ED18: =IF(OR($F18="",EC18=""),"",IF($F18=0,0,EC18/$F18)) | EF18: =IF(OR($F18="",EE18=""),"",IF($F18=0,0,EE18/$F18)) | EH18: =IF(OR($F18="",EG18=""),"",IF($F18=0,0,EG18/$F18)) | EJ18: =IF(OR($F18="",EI18=""),"",IF($F18=0,0,EI18/$F18)) | EL18: =IF(OR($F18="",EK18=""),"",IF($F18=0,0,EK18/$F18)) | EN18: =IF(OR($F18="",EM18=""),"",IF($F18=0,0,EM18/$F18)) | EP18: =IF(OR($F18="",EO18=""),"",IF($F18=0,0,EO18/$F18)) | ER18: =IF(OR($F18="",EQ18=""),"",IF($F18=0,0,EQ18/$F18)) | ET18: =IF(OR($F18="",ES18=""),"",IF($F18=0,0,ES18/$F18)) | EV18: =IF(OR($F18="",EU18=""),"",IF($F18=0,0,EU18/$F18)) | EX18: =IF(OR($F18="",EW18=""),"",IF($F18=0,0,EW18/$F18)) | EZ18: =IF(OR($F18="",EY18=""),"",IF($F18=0,0,EY18/$F18)) | FB18: =IF(OR($F18="",FA18=""),"",IF($F18=0,0,FA18/$F18)) | FD18: =IF(OR($F18="",FC18=""),"",IF($F18=0,0,FC18/$F18)) | FF18: =IF(OR($F18="",FE18=""),"",IF($F18=0,0,FE18/$F18)) | FH18: =IF(OR($F18="",FG18=""),"",IF($F18=0,0,FG18/$F18)) | FJ18: =IF(OR($F18="",FI18=""),"",IF($F18=0,0,FI18/$F18)) | FL18: =IF(OR($F18="",FK18=""),"",IF($F18=0,0,FK18/$F18)) | FN18: =IF(OR($F18="",FM18=""),"",IF($F18=0,0,FM18/$F18)) | FP18: =IF(OR($F18="",FO18=""),"",IF($F18=0,0,FO18/$F18)) | FR18: =IF(OR($F18="",FQ18=""),"",IF($F18=0,0,FQ18/$F18)) | FT18: =IF(OR($F18="",FS18=""),"",IF($F18=0,0,FS18/$F18)) | FV18: =IF(OR($F18="",FU18=""),"",IF($F18=0,0,FU18/$F18)) | FX18: =IF(OR($F18="",FW18=""),"",IF($F18=0,0,FW18/$F18)) | FZ18: =IF(OR($F18="",FY18=""),"",IF($F18=0,0,FY18/$F18)) | GB18: =IF(OR($F18="",GA18=""),"",IF($F18=0,0,GA18/$F18)) | GD18: =IF(OR($F18="",GC18=""),"",IF($F18=0,0,GC18/$F18)) | GF18: =IF(OR($F18="",GE18=""),"",IF($F18=0,0,GE18/$F18)) | GH18: =IF(OR($F18="",GG18=""),"",IF($F18=0,0,GG18/$F18)) | GJ18: =IF(OR($F18="",GI18=""),"",IF($F18=0,0,GI18/$F18)) | GL18: =IF(OR($F18="",GK18=""),"",IF($F18=0,0,GK18/$F18)) | GN18: =IF(OR($F18="",GM18=""),"",IF($F18=0,0,GM18/$F18))
A19: 14 | H19: =IF(OR($F19="",G19=""),"",IF($F19=0,0,G19/$F19)) | J19: =IF(OR($F19="",I19=""),"",IF($F19=0,0,I19/$F19)) | L19: =IF(OR($F19="",K19=""),"",IF($F19=0,0,K19/$F19)) | N19: =IF(OR($F19="",M19=""),"",IF($F19=0,0,M19/$F19)) | P19: =IF(OR($F19="",O19=""),"",IF($F19=0,0,O19/$F19)) | R19: =IF(OR($F19="",Q19=""),"",IF($F19=0,0,Q19/$F19)) | T19: =IF(OR($F19="",S19=""),"",IF($F19=0,0,S19/$F19)) | V19: =IF(OR($F19="",U19=""),"",IF($F19=0,0,U19/$F19)) | X19: =IF(OR($F19="",W19=""),"",IF($F19=0,0,W19/$F19)) | Z19: =IF(OR($F19="",Y19=""),"",IF($F19=0,0,Y19/$F19)) | AB19: =IF(OR($F19="",AA19=""),"",IF($F19=0,0,AA19/$F19)) | AD19: =IF(OR($F19="",AC19=""),"",IF($F19=0,0,AC19/$F19)) | AF19: =IF(OR($F19="",AE19=""),"",IF($F19=0,0,AE19/$F19)) | AH19: =IF(OR($F19="",AG19=""),"",IF($F19=0,0,AG19/$F19)) | AJ19: =IF(OR($F19="",AI19=""),"",IF($F19=0,0,AI19/$F19)) | AL19: =IF(OR($F19="",AK19=""),"",IF($F19=0,0,AK19/$F19)) | AN19: =IF(OR($F19="",AM19=""),"",IF($F19=0,0,AM19/$F19)) | AP19: =IF(OR($F19="",AO19=""),"",IF($F19=0,0,AO19/$F19)) | AR19: =IF(OR($F19="",AQ19=""),"",IF($F19=0,0,AQ19/$F19)) | AT19: =IF(OR($F19="",AS19=""),"",IF($F19=0,0,AS19/$F19)) | AV19: =IF(OR($F19="",AU19=""),"",IF($F19=0,0,AU19/$F19)) | AX19: =IF(OR($F19="",AW19=""),"",IF($F19=0,0,AW19/$F19)) | AZ19: =IF(OR($F19="",AY19=""),"",IF($F19=0,0,AY19/$F19)) | BB19: =IF(OR($F19="",BA19=""),"",IF($F19=0,0,BA19/$F19)) | BD19: =IF(OR($F19="",BC19=""),"",IF($F19=0,0,BC19/$F19)) | BF19: =IF(OR($F19="",BE19=""),"",IF($F19=0,0,BE19/$F19)) | BH19: =IF(OR($F19="",BG19=""),"",IF($F19=0,0,BG19/$F19)) | BJ19: =IF(OR($F19="",BI19=""),"",IF($F19=0,0,BI19/$F19)) | BL19: =IF(OR($F19="",BK19=""),"",IF($F19=0,0,BK19/$F19)) | BN19: =IF(OR($F19="",BM19=""),"",IF($F19=0,0,BM19/$F19)) | BP19: =IF(OR($F19="",BO19=""),"",IF($F19=0,0,BO19/$F19)) | BR19: =IF(OR($F19="",BQ19=""),"",IF($F19=0,0,BQ19/$F19)) | BT19: =IF(OR($F19="",BS19=""),"",IF($F19=0,0,BS19/$F19)) | BV19: =IF(OR($F19="",BU19=""),"",IF($F19=0,0,BU19/$F19)) | BX19: =IF(OR($F19="",BW19=""),"",IF($F19=0,0,BW19/$F19)) | BZ19: =IF(OR($F19="",BY19=""),"",IF($F19=0,0,BY19/$F19)) | CB19: =IF(OR($F19="",CA19=""),"",IF($F19=0,0,CA19/$F19)) | CD19: =IF(OR($F19="",CC19=""),"",IF($F19=0,0,CC19/$F19)) | CF19: =IF(OR($F19="",CE19=""),"",IF($F19=0,0,CE19/$F19)) | CH19: =IF(OR($F19="",CG19=""),"",IF($F19=0,0,CG19/$F19)) | CJ19: =IF(OR($F19="",CI19=""),"",IF($F19=0,0,CI19/$F19)) | CL19: =IF(OR($F19="",CK19=""),"",IF($F19=0,0,CK19/$F19)) | CN19: =IF(OR($F19="",CM19=""),"",IF($F19=0,0,CM19/$F19)) | CP19: =IF(OR($F19="",CO19=""),"",IF($F19=0,0,CO19/$F19)) | CR19: =IF(OR($F19="",CQ19=""),"",IF($F19=0,0,CQ19/$F19)) | CT19: =IF(OR($F19="",CS19=""),"",IF($F19=0,0,CS19/$F19)) | CV19: =IF(OR($F19="",CU19=""),"",IF($F19=0,0,CU19/$F19)) | CX19: =IF(OR($F19="",CW19=""),"",IF($F19=0,0,CW19/$F19)) | CZ19: =IF(OR($F19="",CY19=""),"",IF($F19=0,0,CY19/$F19)) | DB19: =IF(OR($F19="",DA19=""),"",IF($F19=0,0,DA19/$F19)) | DD19: =IF(OR($F19="",DC19=""),"",IF($F19=0,0,DC19/$F19)) | DF19: =IF(OR($F19="",DE19=""),"",IF($F19=0,0,DE19/$F19)) | DH19: =IF(OR($F19="",DG19=""),"",IF($F19=0,0,DG19/$F19)) | DJ19: =IF(OR($F19="",DI19=""),"",IF($F19=0,0,DI19/$F19)) | DL19: =IF(OR($F19="",DK19=""),"",IF($F19=0,0,DK19/$F19)) | DN19: =IF(OR($F19="",DM19=""),"",IF($F19=0,0,DM19/$F19)) | DP19: =IF(OR($F19="",DO19=""),"",IF($F19=0,0,DO19/$F19)) | DR19: =IF(OR($F19="",DQ19=""),"",IF($F19=0,0,DQ19/$F19)) | DT19: =IF(OR($F19="",DS19=""),"",IF($F19=0,0,DS19/$F19)) | DV19: =IF(OR($F19="",DU19=""),"",IF($F19=0,0,DU19/$F19)) | DX19: =IF(OR($F19="",DW19=""),"",IF($F19=0,0,DW19/$F19)) | DZ19: =IF(OR($F19="",DY19=""),"",IF($F19=0,0,DY19/$F19)) | EB19: =IF(OR($F19="",EA19=""),"",IF($F19=0,0,EA19/$F19)) | ED19: =IF(OR($F19="",EC19=""),"",IF($F19=0,0,EC19/$F19)) | EF19: =IF(OR($F19="",EE19=""),"",IF($F19=0,0,EE19/$F19)) | EH19: =IF(OR($F19="",EG19=""),"",IF($F19=0,0,EG19/$F19)) | EJ19: =IF(OR($F19="",EI19=""),"",IF($F19=0,0,EI19/$F19)) | EL19: =IF(OR($F19="",EK19=""),"",IF($F19=0,0,EK19/$F19)) | EN19: =IF(OR($F19="",EM19=""),"",IF($F19=0,0,EM19/$F19)) | EP19: =IF(OR($F19="",EO19=""),"",IF($F19=0,0,EO19/$F19)) | ER19: =IF(OR($F19="",EQ19=""),"",IF($F19=0,0,EQ19/$F19)) | ET19: =IF(OR($F19="",ES19=""),"",IF($F19=0,0,ES19/$F19)) | EV19: =IF(OR($F19="",EU19=""),"",IF($F19=0,0,EU19/$F19)) | EX19: =IF(OR($F19="",EW19=""),"",IF($F19=0,0,EW19/$F19)) | EZ19: =IF(OR($F19="",EY19=""),"",IF($F19=0,0,EY19/$F19)) | FB19: =IF(OR($F19="",FA19=""),"",IF($F19=0,0,FA19/$F19)) | FD19: =IF(OR($F19="",FC19=""),"",IF($F19=0,0,FC19/$F19)) | FF19: =IF(OR($F19="",FE19=""),"",IF($F19=0,0,FE19/$F19)) | FH19: =IF(OR($F19="",FG19=""),"",IF($F19=0,0,FG19/$F19)) | FJ19: =IF(OR($F19="",FI19=""),"",IF($F19=0,0,FI19/$F19)) | FL19: =IF(OR($F19="",FK19=""),"",IF($F19=0,0,FK19/$F19)) | FN19: =IF(OR($F19="",FM19=""),"",IF($F19=0,0,FM19/$F19)) | FP19: =IF(OR($F19="",FO19=""),"",IF($F19=0,0,FO19/$F19)) | FR19: =IF(OR($F19="",FQ19=""),"",IF($F19=0,0,FQ19/$F19)) | FT19: =IF(OR($F19="",FS19=""),"",IF($F19=0,0,FS19/$F19)) | FV19: =IF(OR($F19="",FU19=""),"",IF($F19=0,0,FU19/$F19)) | FX19: =IF(OR($F19="",FW19=""),"",IF($F19=0,0,FW19/$F19)) | FZ19: =IF(OR($F19="",FY19=""),"",IF($F19=0,0,FY19/$F19)) | GB19: =IF(OR($F19="",GA19=""),"",IF($F19=0,0,GA19/$F19)) | GD19: =IF(OR($F19="",GC19=""),"",IF($F19=0,0,GC19/$F19)) | GF19: =IF(OR($F19="",GE19=""),"",IF($F19=0,0,GE19/$F19)) | GH19: =IF(OR($F19="",GG19=""),"",IF($F19=0,0,GG19/$F19)) | GJ19: =IF(OR($F19="",GI19=""),"",IF($F19=0,0,GI19/$F19)) | GL19: =IF(OR($F19="",GK19=""),"",IF($F19=0,0,GK19/$F19)) | GN19: =IF(OR($F19="",GM19=""),"",IF($F19=0,0,GM19/$F19))
A20: 15 | H20: =IF(OR($F20="",G20=""),"",IF($F20=0,0,G20/$F20)) | J20: =IF(OR($F20="",I20=""),"",IF($F20=0,0,I20/$F20)) | L20: =IF(OR($F20="",K20=""),"",IF($F20=0,0,K20/$F20)) | N20: =IF(OR($F20="",M20=""),"",IF($F20=0,0,M20/$F20)) | P20: =IF(OR($F20="",O20=""),"",IF($F20=0,0,O20/$F20)) | R20: =IF(OR($F20="",Q20=""),"",IF($F20=0,0,Q20/$F20)) | T20: =IF(OR($F20="",S20=""),"",IF($F20=0,0,S20/$F20)) | V20: =IF(OR($F20="",U20=""),"",IF($F20=0,0,U20/$F20)) | X20: =IF(OR($F20="",W20=""),"",IF($F20=0,0,W20/$F20)) | Z20: =IF(OR($F20="",Y20=""),"",IF($F20=0,0,Y20/$F20)) | AB20: =IF(OR($F20="",AA20=""),"",IF($F20=0,0,AA20/$F20)) | AD20: =IF(OR($F20="",AC20=""),"",IF($F20=0,0,AC20/$F20)) | AF20: =IF(OR($F20="",AE20=""),"",IF($F20=0,0,AE20/$F20)) | AH20: =IF(OR($F20="",AG20=""),"",IF($F20=0,0,AG20/$F20)) | AJ20: =IF(OR($F20="",AI20=""),"",IF($F20=0,0,AI20/$F20)) | AL20: =IF(OR($F20="",AK20=""),"",IF($F20=0,0,AK20/$F20)) | AN20: =IF(OR($F20="",AM20=""),"",IF($F20=0,0,AM20/$F20)) | AP20: =IF(OR($F20="",AO20=""),"",IF($F20=0,0,AO20/$F20)) | AR20: =IF(OR($F20="",AQ20=""),"",IF($F20=0,0,AQ20/$F20)) | AT20: =IF(OR($F20="",AS20=""),"",IF($F20=0,0,AS20/$F20)) | AV20: =IF(OR($F20="",AU20=""),"",IF($F20=0,0,AU20/$F20)) | AX20: =IF(OR($F20="",AW20=""),"",IF($F20=0,0,AW20/$F20)) | AZ20: =IF(OR($F20="",AY20=""),"",IF($F20=0,0,AY20/$F20)) | BB20: =IF(OR($F20="",BA20=""),"",IF($F20=0,0,BA20/$F20)) | BD20: =IF(OR($F20="",BC20=""),"",IF($F20=0,0,BC20/$F20)) | BF20: =IF(OR($F20="",BE20=""),"",IF($F20=0,0,BE20/$F20)) | BH20: =IF(OR($F20="",BG20=""),"",IF($F20=0,0,BG20/$F20)) | BJ20: =IF(OR($F20="",BI20=""),"",IF($F20=0,0,BI20/$F20)) | BL20: =IF(OR($F20="",BK20=""),"",IF($F20=0,0,BK20/$F20)) | BN20: =IF(OR($F20="",BM20=""),"",IF($F20=0,0,BM20/$F20)) | BP20: =IF(OR($F20="",BO20=""),"",IF($F20=0,0,BO20/$F20)) | BR20: =IF(OR($F20="",BQ20=""),"",IF($F20=0,0,BQ20/$F20)) | BT20: =IF(OR($F20="",BS20=""),"",IF($F20=0,0,BS20/$F20)) | BV20: =IF(OR($F20="",BU20=""),"",IF($F20=0,0,BU20/$F20)) | BX20: =IF(OR($F20="",BW20=""),"",IF($F20=0,0,BW20/$F20)) | BZ20: =IF(OR($F20="",BY20=""),"",IF($F20=0,0,BY20/$F20)) | CB20: =IF(OR($F20="",CA20=""),"",IF($F20=0,0,CA20/$F20)) | CD20: =IF(OR($F20="",CC20=""),"",IF($F20=0,0,CC20/$F20)) | CF20: =IF(OR($F20="",CE20=""),"",IF($F20=0,0,CE20/$F20)) | CH20: =IF(OR($F20="",CG20=""),"",IF($F20=0,0,CG20/$F20)) | CJ20: =IF(OR($F20="",CI20=""),"",IF($F20=0,0,CI20/$F20)) | CL20: =IF(OR($F20="",CK20=""),"",IF($F20=0,0,CK20/$F20)) | CN20: =IF(OR($F20="",CM20=""),"",IF($F20=0,0,CM20/$F20)) | CP20: =IF(OR($F20="",CO20=""),"",IF($F20=0,0,CO20/$F20)) | CR20: =IF(OR($F20="",CQ20=""),"",IF($F20=0,0,CQ20/$F20)) | CT20: =IF(OR($F20="",CS20=""),"",IF($F20=0,0,CS20/$F20)) | CV20: =IF(OR($F20="",CU20=""),"",IF($F20=0,0,CU20/$F20)) | CX20: =IF(OR($F20="",CW20=""),"",IF($F20=0,0,CW20/$F20)) | CZ20: =IF(OR($F20="",CY20=""),"",IF($F20=0,0,CY20/$F20)) | DB20: =IF(OR($F20="",DA20=""),"",IF($F20=0,0,DA20/$F20)) | DD20: =IF(OR($F20="",DC20=""),"",IF($F20=0,0,DC20/$F20)) | DF20: =IF(OR($F20="",DE20=""),"",IF($F20=0,0,DE20/$F20)) | DH20: =IF(OR($F20="",DG20=""),"",IF($F20=0,0,DG20/$F20)) | DJ20: =IF(OR($F20="",DI20=""),"",IF($F20=0,0,DI20/$F20)) | DL20: =IF(OR($F20="",DK20=""),"",IF($F20=0,0,DK20/$F20)) | DN20: =IF(OR($F20="",DM20=""),"",IF($F20=0,0,DM20/$F20)) | DP20: =IF(OR($F20="",DO20=""),"",IF($F20=0,0,DO20/$F20)) | DR20: =IF(OR($F20="",DQ20=""),"",IF($F20=0,0,DQ20/$F20)) | DT20: =IF(OR($F20="",DS20=""),"",IF($F20=0,0,DS20/$F20)) | DV20: =IF(OR($F20="",DU20=""),"",IF($F20=0,0,DU20/$F20)) | DX20: =IF(OR($F20="",DW20=""),"",IF($F20=0,0,DW20/$F20)) | DZ20: =IF(OR($F20="",DY20=""),"",IF($F20=0,0,DY20/$F20)) | EB20: =IF(OR($F20="",EA20=""),"",IF($F20=0,0,EA20/$F20)) | ED20: =IF(OR($F20="",EC20=""),"",IF($F20=0,0,EC20/$F20)) | EF20: =IF(OR($F20="",EE20=""),"",IF($F20=0,0,EE20/$F20)) | EH20: =IF(OR($F20="",EG20=""),"",IF($F20=0,0,EG20/$F20)) | EJ20: =IF(OR($F20="",EI20=""),"",IF($F20=0,0,EI20/$F20)) | EL20: =IF(OR($F20="",EK20=""),"",IF($F20=0,0,EK20/$F20)) | EN20: =IF(OR($F20="",EM20=""),"",IF($F20=0,0,EM20/$F20)) | EP20: =IF(OR($F20="",EO20=""),"",IF($F20=0,0,EO20/$F20)) | ER20: =IF(OR($F20="",EQ20=""),"",IF($F20=0,0,EQ20/$F20)) | ET20: =IF(OR($F20="",ES20=""),"",IF($F20=0,0,ES20/$F20)) | EV20: =IF(OR($F20="",EU20=""),"",IF($F20=0,0,EU20/$F20)) | EX20: =IF(OR($F20="",EW20=""),"",IF($F20=0,0,EW20/$F20)) | EZ20: =IF(OR($F20="",EY20=""),"",IF($F20=0,0,EY20/$F20)) | FB20: =IF(OR($F20="",FA20=""),"",IF($F20=0,0,FA20/$F20)) | FD20: =IF(OR($F20="",FC20=""),"",IF($F20=0,0,FC20/$F20)) | FF20: =IF(OR($F20="",FE20=""),"",IF($F20=0,0,FE20/$F20)) | FH20: =IF(OR($F20="",FG20=""),"",IF($F20=0,0,FG20/$F20)) | FJ20: =IF(OR($F20="",FI20=""),"",IF($F20=0,0,FI20/$F20)) | FL20: =IF(OR($F20="",FK20=""),"",IF($F20=0,0,FK20/$F20)) | FN20: =IF(OR($F20="",FM20=""),"",IF($F20=0,0,FM20/$F20)) | FP20: =IF(OR($F20="",FO20=""),"",IF($F20=0,0,FO20/$F20)) | FR20: =IF(OR($F20="",FQ20=""),"",IF($F20=0,0,FQ20/$F20)) | FT20: =IF(OR($F20="",FS20=""),"",IF($F20=0,0,FS20/$F20)) | FV20: =IF(OR($F20="",FU20=""),"",IF($F20=0,0,FU20/$F20)) | FX20: =IF(OR($F20="",FW20=""),"",IF($F20=0,0,FW20/$F20)) | FZ20: =IF(OR($F20="",FY20=""),"",IF($F20=0,0,FY20/$F20)) | GB20: =IF(OR($F20="",GA20=""),"",IF($F20=0,0,GA20/$F20)) | GD20: =IF(OR($F20="",GC20=""),"",IF($F20=0,0,GC20/$F20)) | GF20: =IF(OR($F20="",GE20=""),"",IF($F20=0,0,GE20/$F20)) | GH20: =IF(OR($F20="",GG20=""),"",IF($F20=0,0,GG20/$F20)) | GJ20: =IF(OR($F20="",GI20=""),"",IF($F20=0,0,GI20/$F20)) | GL20: =IF(OR($F20="",GK20=""),"",IF($F20=0,0,GK20/$F20)) | GN20: =IF(OR($F20="",GM20=""),"",IF($F20=0,0,GM20/$F20))
A21: 16 | H21: =IF(OR($F21="",G21=""),"",IF($F21=0,0,G21/$F21)) | J21: =IF(OR($F21="",I21=""),"",IF($F21=0,0,I21/$F21)) | L21: =IF(OR($F21="",K21=""),"",IF($F21=0,0,K21/$F21)) | N21: =IF(OR($F21="",M21=""),"",IF($F21=0,0,M21/$F21)) | P21: =IF(OR($F21="",O21=""),"",IF($F21=0,0,O21/$F21)) | R21: =IF(OR($F21="",Q21=""),"",IF($F21=0,0,Q21/$F21)) | T21: =IF(OR($F21="",S21=""),"",IF($F21=0,0,S21/$F21)) | V21: =IF(OR($F21="",U21=""),"",IF($F21=0,0,U21/$F21)) | X21: =IF(OR($F21="",W21=""),"",IF($F21=0,0,W21/$F21)) | Z21: =IF(OR($F21="",Y21=""),"",IF($F21=0,0,Y21/$F21)) | AB21: =IF(OR($F21="",AA21=""),"",IF($F21=0,0,AA21/$F21)) | AD21: =IF(OR($F21="",AC21=""),"",IF($F21=0,0,AC21/$F21)) | AF21: =IF(OR($F21="",AE21=""),"",IF($F21=0,0,AE21/$F21)) | AH21: =IF(OR($F21="",AG21=""),"",IF($F21=0,0,AG21/$F21)) | AJ21: =IF(OR($F21="",AI21=""),"",IF($F21=0,0,AI21/$F21)) | AL21: =IF(OR($F21="",AK21=""),"",IF($F21=0,0,AK21/$F21)) | AN21: =IF(OR($F21="",AM21=""),"",IF($F21=0,0,AM21/$F21)) | AP21: =IF(OR($F21="",AO21=""),"",IF($F21=0,0,AO21/$F21)) | AR21: =IF(OR($F21="",AQ21=""),"",IF($F21=0,0,AQ21/$F21)) | AT21: =IF(OR($F21="",AS21=""),"",IF($F21=0,0,AS21/$F21)) | AV21: =IF(OR($F21="",AU21=""),"",IF($F21=0,0,AU21/$F21)) | AX21: =IF(OR($F21="",AW21=""),"",IF($F21=0,0,AW21/$F21)) | AZ21: =IF(OR($F21="",AY21=""),"",IF($F21=0,0,AY21/$F21)) | BB21: =IF(OR($F21="",BA21=""),"",IF($F21=0,0,BA21/$F21)) | BD21: =IF(OR($F21="",BC21=""),"",IF($F21=0,0,BC21/$F21)) | BF21: =IF(OR($F21="",BE21=""),"",IF($F21=0,0,BE21/$F21)) | BH21: =IF(OR($F21="",BG21=""),"",IF($F21=0,0,BG21/$F21)) | BJ21: =IF(OR($F21="",BI21=""),"",IF($F21=0,0,BI21/$F21)) | BL21: =IF(OR($F21="",BK21=""),"",IF($F21=0,0,BK21/$F21)) | BN21: =IF(OR($F21="",BM21=""),"",IF($F21=0,0,BM21/$F21)) | BP21: =IF(OR($F21="",BO21=""),"",IF($F21=0,0,BO21/$F21)) | BR21: =IF(OR($F21="",BQ21=""),"",IF($F21=0,0,BQ21/$F21)) | BT21: =IF(OR($F21="",BS21=""),"",IF($F21=0,0,BS21/$F21)) | BV21: =IF(OR($F21="",BU21=""),"",IF($F21=0,0,BU21/$F21)) | BX21: =IF(OR($F21="",BW21=""),"",IF($F21=0,0,BW21/$F21)) | BZ21: =IF(OR($F21="",BY21=""),"",IF($F21=0,0,BY21/$F21)) | CB21: =IF(OR($F21="",CA21=""),"",IF($F21=0,0,CA21/$F21)) | CD21: =IF(OR($F21="",CC21=""),"",IF($F21=0,0,CC21/$F21)) | CF21: =IF(OR($F21="",CE21=""),"",IF($F21=0,0,CE21/$F21)) | CH21: =IF(OR($F21="",CG21=""),"",IF($F21=0,0,CG21/$F21)) | CJ21: =IF(OR($F21="",CI21=""),"",IF($F21=0,0,CI21/$F21)) | CL21: =IF(OR($F21="",CK21=""),"",IF($F21=0,0,CK21/$F21)) | CN21: =IF(OR($F21="",CM21=""),"",IF($F21=0,0,CM21/$F21)) | CP21: =IF(OR($F21="",CO21=""),"",IF($F21=0,0,CO21/$F21)) | CR21: =IF(OR($F21="",CQ21=""),"",IF($F21=0,0,CQ21/$F21)) | CT21: =IF(OR($F21="",CS21=""),"",IF($F21=0,0,CS21/$F21)) | CV21: =IF(OR($F21="",CU21=""),"",IF($F21=0,0,CU21/$F21)) | CX21: =IF(OR($F21="",CW21=""),"",IF($F21=0,0,CW21/$F21)) | CZ21: =IF(OR($F21="",CY21=""),"",IF($F21=0,0,CY21/$F21)) | DB21: =IF(OR($F21="",DA21=""),"",IF($F21=0,0,DA21/$F21)) | DD21: =IF(OR($F21="",DC21=""),"",IF($F21=0,0,DC21/$F21)) | DF21: =IF(OR($F21="",DE21=""),"",IF($F21=0,0,DE21/$F21)) | DH21: =IF(OR($F21="",DG21=""),"",IF($F21=0,0,DG21/$F21)) | DJ21: =IF(OR($F21="",DI21=""),"",IF($F21=0,0,DI21/$F21)) | DL21: =IF(OR($F21="",DK21=""),"",IF($F21=0,0,DK21/$F21)) | DN21: =IF(OR($F21="",DM21=""),"",IF($F21=0,0,DM21/$F21)) | DP21: =IF(OR($F21="",DO21=""),"",IF($F21=0,0,DO21/$F21)) | DR21: =IF(OR($F21="",DQ21=""),"",IF($F21=0,0,DQ21/$F21)) | DT21: =IF(OR($F21="",DS21=""),"",IF($F21=0,0,DS21/$F21)) | DV21: =IF(OR($F21="",DU21=""),"",IF($F21=0,0,DU21/$F21)) | DX21: =IF(OR($F21="",DW21=""),"",IF($F21=0,0,DW21/$F21)) | DZ21: =IF(OR($F21="",DY21=""),"",IF($F21=0,0,DY21/$F21)) | EB21: =IF(OR($F21="",EA21=""),"",IF($F21=0,0,EA21/$F21)) | ED21: =IF(OR($F21="",EC21=""),"",IF($F21=0,0,EC21/$F21)) | EF21: =IF(OR($F21="",EE21=""),"",IF($F21=0,0,EE21/$F21)) | EH21: =IF(OR($F21="",EG21=""),"",IF($F21=0,0,EG21/$F21)) | EJ21: =IF(OR($F21="",EI21=""),"",IF($F21=0,0,EI21/$F21)) | EL21: =IF(OR($F21="",EK21=""),"",IF($F21=0,0,EK21/$F21)) | EN21: =IF(OR($F21="",EM21=""),"",IF($F21=0,0,EM21/$F21)) | EP21: =IF(OR($F21="",EO21=""),"",IF($F21=0,0,EO21/$F21)) | ER21: =IF(OR($F21="",EQ21=""),"",IF($F21=0,0,EQ21/$F21)) | ET21: =IF(OR($F21="",ES21=""),"",IF($F21=0,0,ES21/$F21)) | EV21: =IF(OR($F21="",EU21=""),"",IF($F21=0,0,EU21/$F21)) | EX21: =IF(OR($F21="",EW21=""),"",IF($F21=0,0,EW21/$F21)) | EZ21: =IF(OR($F21="",EY21=""),"",IF($F21=0,0,EY21/$F21)) | FB21: =IF(OR($F21="",FA21=""),"",IF($F21=0,0,FA21/$F21)) | FD21: =IF(OR($F21="",FC21=""),"",IF($F21=0,0,FC21/$F21)) | FF21: =IF(OR($F21="",FE21=""),"",IF($F21=0,0,FE21/$F21)) | FH21: =IF(OR($F21="",FG21=""),"",IF($F21=0,0,FG21/$F21)) | FJ21: =IF(OR($F21="",FI21=""),"",IF($F21=0,0,FI21/$F21)) | FL21: =IF(OR($F21="",FK21=""),"",IF($F21=0,0,FK21/$F21)) | FN21: =IF(OR($F21="",FM21=""),"",IF($F21=0,0,FM21/$F21)) | FP21: =IF(OR($F21="",FO21=""),"",IF($F21=0,0,FO21/$F21)) | FR21: =IF(OR($F21="",FQ21=""),"",IF($F21=0,0,FQ21/$F21)) | FT21: =IF(OR($F21="",FS21=""),"",IF($F21=0,0,FS21/$F21)) | FV21: =IF(OR($F21="",FU21=""),"",IF($F21=0,0,FU21/$F21)) | FX21: =IF(OR($F21="",FW21=""),"",IF($F21=0,0,FW21/$F21)) | FZ21: =IF(OR($F21="",FY21=""),"",IF($F21=0,0,FY21/$F21)) | GB21: =IF(OR($F21="",GA21=""),"",IF($F21=0,0,GA21/$F21)) | GD21: =IF(OR($F21="",GC21=""),"",IF($F21=0,0,GC21/$F21)) | GF21: =IF(OR($F21="",GE21=""),"",IF($F21=0,0,GE21/$F21)) | GH21: =IF(OR($F21="",GG21=""),"",IF($F21=0,0,GG21/$F21)) | GJ21: =IF(OR($F21="",GI21=""),"",IF($F21=0,0,GI21/$F21)) | GL21: =IF(OR($F21="",GK21=""),"",IF($F21=0,0,GK21/$F21)) | GN21: =IF(OR($F21="",GM21=""),"",IF($F21=0,0,GM21/$F21))
